window_index,pod_name,cpu_usage_mcores,ram_usage_mi,disk_space_mb,disk_usage_mb,disk_ios,cpu_psi_some_us,sched_total_ms,dstate_total_ms,softirq_total_ms,pod_cpu_watts,tier
0,sa/customer-feedback,125.95,12780.62,15885.9,0.0,0,611,3727.4188,18.0964,24.6613,0.0212,B
0,sa2/customer-feedback,122.09,6574.88,9914.43,3.8711,38,573,3495.5989,17.5418,24.6613,0.0227,B
0,sa3/customer-feedback,128.04,2987.56,6583.03,4.3945,44,704,4294.7673,18.3967,24.6613,0.0197,B
1,sa/customer-feedback,126.58,12780.31,15885.9,3.957,38,626,7832.657,18.7527,25.1523,0.0288,B
1,sa2/customer-feedback,119.05,6575.62,9914.43,0.0,0,606,7582.4124,17.6371,25.1523,0.0307,B
1,sa3/customer-feedback,125.72,2988.55,6583.03,0.0,0,680,8508.3176,18.6252,25.1523,0.0307,B
2,sa/customer-feedback,120.91,12780.66,15885.9,0.0,0,574,4201.4528,23.6604,23.2,0.0482,B
2,sa2/customer-feedback,117.32,6575.84,9914.43,0.0,0,620,4538.1546,22.9579,23.2,0.0482,B
2,sa3/customer-feedback,127.58,2987.94,6583.03,0.0,0,691,5057.8465,24.9657,23.2,0.0482,B
3,sa/customer-feedback,127.67,12781.47,15885.9,0.0,0,615,4467.5424,15.277,23.4213,0.138,B
3,sa2/customer-feedback,123.99,6576.33,9914.43,0.0,0,617,4482.071,14.8367,23.4213,0.113,B
3,sa3/customer-feedback,127.53,2988.82,6583.03,0.0,0,717,5208.5006,15.2603,23.4213,0.105,B
4,sa/customer-feedback,127.17,12781.91,15885.9,0.0,0,586,2763.565,25.6349,22.0993,0.126,B
4,sa2/customer-feedback,122.77,6576.46,9914.43,0.0,0,424,1999.576,24.748,22.0993,0.141,B
4,sa3/customer-feedback,126.62,2988.89,6583.03,0.0,0,741,3494.542,25.5241,22.0993,0.0815,B
5,sa/customer-feedback,125.81,12782.23,15885.9,0.0,0,625,2648.9545,13.7296,22.2117,0.0781,B
5,sa2/customer-feedback,124.88,6576.94,9914.43,0.0,0,486,2059.827,13.6281,22.2117,0.0564,B
5,sa3/customer-feedback,126.87,2989.48,6583.03,0.0,0,607,2572.6646,13.8453,22.2117,0.065,B
6,sa/customer-feedback,124.12,12782.19,15885.9,0.0,0,640,5305.6754,19.6899,24.862,0.0567,B
6,sa2/customer-feedback,121.54,6577.49,9914.43,3.8633,38,513,4252.8304,19.2806,24.862,0.0448,B
6,sa3/customer-feedback,125.41,2990.05,6583.03,3.6992,36,613,5081.8422,19.8945,24.862,0.0448,B
7,sa/customer-feedback,121.41,12782.39,15885.9,0.0,0,560,8514.7389,16.2353,26.4883,0.0866,B
7,sa2/customer-feedback,121.89,6577.64,9914.43,0.0,0,637,9685.5155,16.2995,26.4883,0.077,B
7,sa3/customer-feedback,126.57,2990.72,6583.03,0.0,0,736,11190.7997,16.9253,26.4883,0.077,B
8,sa/customer-feedback,122.83,12782.9,15885.9,3.8125,38,641,4266.5636,21.2524,23.325,0.195,B
8,sa2/customer-feedback,121.28,6578.07,9914.43,0.0,0,689,4586.0567,20.9842,23.325,0.133,B
8,sa3/customer-feedback,124.02,2990.86,6583.03,0.0,0,832,5537.8797,21.4583,23.325,0.174,B
9,sa/customer-feedback,125.79,12783.02,15885.9,0.0,0,531,5853.9359,19.86,24.285,0.124,B
9,sa2/customer-feedback,125.07,6578.17,9914.43,0.0,0,654,7209.9323,19.7463,24.285,0.144,B
9,sa3/customer-feedback,126.84,2991.3,6583.03,0.0,0,708,7805.2478,20.0257,24.285,0.172,B
10,sa/customer-feedback,6070.87,12788.4,15885.9,0.0,0,413,1914.9833,51.0254,23.3623,0.0773,B
10,sa2/customer-feedback,121.21,6578.74,9914.43,0.0,0,544,2522.3993,1.0188,23.3623,0.0636,B
10,sa3/customer-feedback,124.43,2991.73,6583.03,0.0,0,561,2601.2243,1.0458,23.3623,0.105,B
11,sa/customer-feedback,14969.73,12794.54,15885.9,0.0,0,438,2986.0216,31.2218,27.4133,4.98,B
11,sa2/customer-feedback,12948.07,6584.77,9914.43,0.0,0,310,2113.3943,27.0053,27.4133,5.5,B
11,sa3/customer-feedback,103.05,2991.61,6583.03,0.0,0,631,4301.78,0.2149,27.4133,0.0511,B
12,sa/customer-feedback,14321.76,12791.75,15885.9,0.0,0,689,5054.1318,34.0189,34.0957,13.5,B
12,sa2/customer-feedback,14671.67,6589.71,9914.43,3.8555,38,358,2626.0946,34.8501,34.0957,12.2,B
12,sa3/customer-feedback,107.77,2992.39,6583.03,0.0,0,567,4159.2057,0.256,34.0957,0.138,B
13,sa/customer-feedback,16553.43,12800.0,15885.9,0.0,0,380,9759.8499,30.4333,34.5377,15.4,B
13,sa2/customer-feedback,12137.91,6587.36,9914.43,0.0,0,343,8809.5487,22.3154,34.5377,14.3,B
13,sa3/customer-feedback,94.77,2993.51,6583.03,4.0156,40,459,11788.8713,0.1742,34.5377,0.148,B
14,sa/customer-feedback,13656.18,12797.46,15885.9,3.9922,38,2082,13933.5987,30.7914,32.49,6.95,B
14,sa2/customer-feedback,15496.17,6589.53,9914.43,0.0,0,392,2623.4249,34.9401,32.49,17.1,B
14,sa3/customer-feedback,10394.66,3007.05,6583.03,0.0,0,554,3707.5954,23.4375,32.49,6.71,B
15,sa/customer-feedback,14334.83,12796.29,15885.9,0.0,0,305,3836.9981,15.3427,31.9547,12.1,B
15,sa2/customer-feedback,15638.9,6591.53,9914.43,0.0,0,370,4654.719,16.7384,31.9547,12.2,B
15,sa3/customer-feedback,14545.21,3016.54,6583.03,0.0,0,354,4453.4339,15.5679,31.9547,16.0,B
16,sa/customer-feedback,16326.91,12798.84,15885.9,0.0,0,293,953.3436,30.3559,31.8577,20.2,B
16,sa2/customer-feedback,14432.08,6590.01,9914.43,0.0,0,396,1288.4781,26.8329,31.8577,13.4,B
16,sa3/customer-feedback,13672.74,3005.75,6583.03,0.0,0,1562,5082.3303,25.4211,31.8577,12.3,B
17,sa/customer-feedback,13265.97,12799.7,15885.9,0.0,0,357,1416.0205,61.491,33.5863,10.5,B
17,sa2/customer-feedback,14975.98,6593.54,9914.43,0.0,0,402,1594.5105,69.4173,33.5863,16.1,B
17,sa3/customer-feedback,14561.42,3019.06,6583.03,0.0,0,1027,4073.538,67.4957,33.5863,14.3,B
18,sa/customer-feedback,18284.59,12800.39,15885.9,0.0,0,2630,2384.1868,32.6702,34.858,14.2,B
18,sa2/customer-feedback,14207.84,6592.43,9914.43,3.8047,38,3901,3536.3926,25.3861,34.858,13.5,B
18,sa3/customer-feedback,18001.09,3024.3,6583.03,0.0,0,7427,6732.8346,32.1637,34.858,20.5,B
19,sa/customer-feedback,14940.65,12801.57,15885.9,0.0,0,411,4556.753,17.471,33.5077,13.3,B
19,sa2/customer-feedback,13739.74,6594.58,9914.43,0.0,0,342,3791.7506,16.0667,33.5077,13.8,B
19,sa3/customer-feedback,13682.0,3014.25,6583.03,3.9883,40,1183,13115.9094,15.9992,33.5077,17.1,B
20,sa/customer-feedback,14300.11,12800.93,15885.9,4.0156,38,313,465.011,21.4876,29.6413,12.2,B
20,sa2/customer-feedback,15772.4,6593.82,9914.43,0.0,0,350,519.9804,23.6998,29.6413,21.6,B
20,sa3/customer-feedback,15481.41,3016.66,6583.03,0.0,0,7486,11121.6376,23.2626,29.6413,14.7,B
21,sa/customer-feedback,15693.32,12800.55,15885.9,0.0,0,306,743.8123,12.9971,29.42,15.8,B
21,sa2/customer-feedback,14673.95,6595.68,9914.43,0.0,0,291,707.3509,12.1528,29.42,12.1,B
21,sa3/customer-feedback,15869.62,3018.04,6583.03,0.0,0,1596,3879.4917,13.1431,29.42,17.9,B
22,sa/customer-feedback,13807.23,12800.02,15885.9,0.0,0,764,909.93,21.1155,32.078,17.5,B
22,sa2/customer-feedback,14436.03,6595.93,9914.43,0.0,0,235,279.8868,22.0771,32.078,14.5,B
22,sa3/customer-feedback,12347.1,3015.79,6583.03,0.0,0,5635,6711.3292,18.8825,32.078,14.2,B
23,sa/customer-feedback,13035.31,12797.55,15885.9,0.0,0,275,3068.6769,12.8731,33.19,11.7,B
23,sa2/customer-feedback,13980.19,6593.96,9914.43,0.0,0,306,3414.6005,13.8062,33.19,19.4,B
23,sa3/customer-feedback,14432.23,3016.72,6583.03,0.0,0,757,8447.2306,14.2527,33.19,11.6,B
24,sa/customer-feedback,15375.95,12799.74,15885.9,0.0,0,307,902.6422,23.3422,34.4397,12.9,B
24,sa2/customer-feedback,14558.24,6591.71,9914.43,4.0586,42,4792,14089.451,22.1008,34.4397,10.9,B
24,sa3/customer-feedback,15483.9,3030.02,6583.03,0.0,0,399,1173.1408,23.506,34.4397,17.1,B
25,sa/customer-feedback,14400.0,12796.1,15885.9,0.0,0,388,1415.4385,41.3936,32.6133,12.7,B
25,sa2/customer-feedback,14849.74,6597.18,9914.43,0.0,0,1983,7234.0582,42.6864,32.6133,13.7,B
25,sa3/customer-feedback,14494.44,3022.35,6583.03,4.0898,42,891,3250.4013,41.665,32.6133,15.6,B
26,sa/customer-feedback,13637.65,12795.3,15885.9,4.0859,42,277,3636.4436,20.8567,29.6147,16.9,B
26,sa2/customer-feedback,14838.06,6595.95,9914.43,0.0,0,352,4621.0402,22.6925,29.6147,19.1,B
26,sa3/customer-feedback,14476.68,3022.98,6583.03,0.0,0,417,5474.3573,22.1398,29.6147,16.7,B
27,sa/customer-feedback,14189.78,12797.81,15885.9,0.0,0,326,576.6983,13.2704,33.752,13.5,B
27,sa2/customer-feedback,14033.82,6599.0,9914.43,0.0,0,1207,2135.1988,13.1246,33.752,17.2,B
27,sa3/customer-feedback,14399.95,3026.48,6583.03,0.0,0,3908,6913.303,13.467,33.752,13.9,B
28,sa/customer-feedback,14114.92,12797.67,15885.9,0.0,0,382,864.6321,27.8181,34.1867,15.5,B
28,sa2/customer-feedback,13727.9,6597.04,9914.43,0.0,0,6870,15549.7976,27.0553,34.1867,11.1,B
28,sa3/customer-feedback,15965.67,3024.44,6583.03,0.0,0,1569,3551.3293,31.4656,34.1867,12.6,B
29,sa/customer-feedback,13482.55,12797.78,15885.9,0.0,0,337,1074.7544,12.7094,30.643,14.6,B
29,sa2/customer-feedback,14198.06,6598.15,9914.43,0.0,0,1268,4043.8829,13.3839,30.643,17.1,B
29,sa3/customer-feedback,13303.5,3025.54,6583.03,0.0,0,284,905.7277,12.5407,30.643,19.0,B
30,sa/customer-feedback,12459.03,12797.91,15885.9,0.0,0,281,6996.5413,18.6469,32.8223,11.4,B
30,sa2/customer-feedback,15484.26,6598.05,9914.43,0.0,0,229,5701.8077,23.1747,32.8223,20.1,B
30,sa3/customer-feedback,14025.53,3024.84,6583.03,0.0,0,307,7643.9081,20.9914,32.8223,13.0,B
31,sa/customer-feedback,13841.57,12797.72,15885.9,0.0,0,318,2991.3058,14.686,36.915,12.4,B
31,sa2/customer-feedback,15160.76,6598.75,9914.43,3.9727,42,951,8945.6976,16.0857,36.915,10.5,B
31,sa3/customer-feedback,14243.37,3026.29,6583.03,3.9531,40,377,3546.2965,15.1123,36.915,18.7,B
32,sa/customer-feedback,14551.17,12797.43,15885.9,3.9219,40,298,4062.7442,28.0189,35.5987,16.3,B
32,sa2/customer-feedback,14088.14,6599.31,9914.43,0.0,0,624,8507.2228,27.1274,35.5987,12.2,B
32,sa3/customer-feedback,12505.92,3024.54,6583.03,0.0,0,281,3830.9769,24.0807,35.5987,11.4,B
33,sa/customer-feedback,14191.99,12802.34,15885.9,0.0,0,302,534.1314,14.2517,36.1403,12.1,B
33,sa2/customer-feedback,16329.21,6598.01,9914.43,0.0,0,2097,3708.8528,16.3979,36.1403,19.4,B
33,sa3/customer-feedback,13286.41,3025.88,6583.03,0.0,0,4562,8068.5678,13.3423,36.1403,10.3,B
34,sa/customer-feedback,15261.45,12800.2,15885.9,0.0,0,327,969.0441,20.1884,36.2373,15.8,B
34,sa2/customer-feedback,14772.61,6596.33,9914.43,0.0,0,272,806.0551,19.5417,36.2373,17.6,B
34,sa3/customer-feedback,14826.37,3027.11,6583.03,0.0,0,2291,6789.2358,19.6129,36.2373,16.1,B
35,sa/customer-feedback,16836.98,12804.54,15885.9,0.0,0,662,1245.6595,12.565,35.666,17.2,B
35,sa2/customer-feedback,15908.12,6599.85,9914.43,0.0,0,293,551.3266,11.8718,35.666,16.0,B
35,sa3/customer-feedback,15958.31,3026.62,6583.03,0.0,0,10021,18856.1238,11.9092,35.666,13.9,B
36,sa/customer-feedback,12626.3,12802.51,15885.9,0.0,0,245,1053.6519,38.9958,32.677,14.1,B
36,sa2/customer-feedback,15943.72,6601.27,9914.43,0.0,0,276,1186.9711,49.2416,32.677,20.0,B
36,sa3/customer-feedback,14881.72,3027.21,6583.03,0.0,0,3355,14428.58,45.9616,32.677,15.1,B
37,sa/customer-feedback,15547.13,12800.12,15885.9,0.0,0,2260,9797.041,58.0983,38.4967,17.2,B
37,sa2/customer-feedback,14380.36,6599.09,9914.43,3.9961,42,247,1070.7386,53.7382,38.4967,13.9,B
37,sa3/customer-feedback,14281.16,3025.99,6583.03,4.0117,38,368,1595.2704,53.3675,38.4967,20.0,B
38,sa/customer-feedback,15132.97,12802.54,15885.9,4.1133,40,245,6331.7523,66.4008,33.4697,14.7,B
38,sa2/customer-feedback,13481.92,6599.81,9914.43,0.0,0,289,7468.8833,59.1563,33.4697,14.9,B
38,sa3/customer-feedback,14336.71,3028.0,6583.03,0.0,0,253,6538.5034,62.9069,33.4697,9.44,B
39,sa/customer-feedback,13373.61,12802.42,15885.9,0.0,0,1352,7088.7555,15.795,37.2427,13.6,B
39,sa2/customer-feedback,16223.9,6602.72,9914.43,0.0,0,320,1677.812,19.1614,37.2427,15.5,B
39,sa3/customer-feedback,12674.71,3028.11,6583.03,0.0,0,256,1342.2496,14.9696,37.2427,13.0,B
40,sa/customer-feedback,17015.15,12804.19,15885.9,0.0,0,430,352.2424,45.0003,39.9107,16.9,B
40,sa2/customer-feedback,13829.39,6601.98,9914.43,0.0,0,290,237.5588,36.5748,39.9107,15.2,B
40,sa3/customer-feedback,17053.58,3026.58,6583.03,0.0,0,7064,5786.6057,45.1019,39.9107,20.8,B
41,sa/customer-feedback,16015.99,12803.32,15885.9,0.0,0,936,2332.0475,19.2295,30.7593,14.3,B
41,sa2/customer-feedback,14861.6,6603.11,9914.43,0.0,0,864,2152.6592,17.8435,30.7593,16.8,B
41,sa3/customer-feedback,14979.36,3027.62,6583.03,0.0,0,3806,9482.6633,17.9849,30.7593,9.66,B
42,sa/customer-feedback,13434.83,12799.77,15885.9,0.0,0,306,2536.9659,20.6158,40.7353,14.5,B
42,sa2/customer-feedback,15173.23,6603.89,9914.43,0.0,0,332,2752.5251,23.2834,40.7353,13.9,B
42,sa3/customer-feedback,15073.77,3031.98,6583.03,0.0,0,1027,8514.5881,23.1308,40.7353,15.0,B
43,sa/customer-feedback,13853.91,12802.84,15885.9,0.0,0,304,3659.4597,14.2326,37.62,12.4,B
43,sa2/customer-feedback,12452.64,6602.26,9914.43,4.0234,40,299,3599.2712,12.7931,37.62,12.6,B
43,sa3/customer-feedback,16609.28,3031.02,6583.03,4.0898,40,316,3803.9121,17.0633,37.62,21.0,B
44,sa/customer-feedback,14839.07,12804.57,15885.9,4.1289,40,238,3828.4107,60.3885,30.8773,16.4,B
44,sa2/customer-feedback,15392.69,6600.26,9914.43,0.0,0,444,7142.0772,62.6414,30.8773,16.5,B
44,sa3/customer-feedback,14101.56,3034.14,6583.03,0.0,0,249,4005.3541,57.3871,30.8773,12.2,B
45,sa/customer-feedback,14746.26,12805.09,15885.9,0.0,0,5055,5750.4883,13.6052,31.875,15.3,B
45,sa2/customer-feedback,15435.62,6603.46,9914.43,0.0,0,342,389.0538,14.2412,31.875,13.7,B
45,sa3/customer-feedback,16629.38,3031.88,6583.03,0.0,0,284,323.0739,15.3426,31.875,15.8,B
46,sa/customer-feedback,15975.94,12802.89,15885.9,0.0,0,273,2137.1751,25.5374,31.767,17.9,B
46,sa2/customer-feedback,13055.65,6602.8,9914.43,0.0,0,409,3201.8484,20.8694,31.767,15.1,B
46,sa3/customer-feedback,14828.5,3033.54,6583.03,0.0,0,324,2536.4276,23.7032,31.767,14.1,B
47,sa/customer-feedback,15939.67,12807.07,15885.9,0.0,0,616,7289.6168,13.3082,33.6607,14.0,B
47,sa2/customer-feedback,15594.88,6603.54,9914.43,0.0,0,341,4035.3236,13.0203,33.6607,19.5,B
47,sa3/customer-feedback,13804.41,3038.17,6583.03,0.0,0,302,3573.8056,11.5255,33.6607,14.8,B
48,sa/customer-feedback,13507.62,12806.07,15885.9,0.0,0,285,2462.8798,24.0458,38.607,10.8,B
48,sa2/customer-feedback,15538.94,6605.34,9914.43,0.0,0,271,2341.8962,27.6619,38.607,16.1,B
48,sa3/customer-feedback,14199.45,3035.38,6583.03,0.0,0,281,2428.313,25.2774,38.607,21.4,B
49,sa/customer-feedback,15226.46,12805.94,15885.9,0.0,0,338,5887.8416,14.3689,41.0613,17.6,B
49,sa2/customer-feedback,14074.15,6603.98,9914.43,3.9297,38,308,5365.2521,13.2815,41.0613,11.8,B
49,sa3/customer-feedback,15674.39,3038.36,6583.03,4.1562,40,290,5051.6984,14.7916,41.0613,11.3,B
50,sa/customer-feedback,15496.57,12807.91,15885.9,0.0,0,283,4345.7838,26.1795,33.3643,13.4,B
50,sa2/customer-feedback,16458.39,6604.5,9914.43,0.0,0,362,5558.9178,27.8044,33.3643,17.8,B
50,sa3/customer-feedback,15632.5,3034.6,6583.03,0.0,0,311,4775.7554,26.4091,33.3643,14.6,B
51,sa/customer-feedback,16053.55,12806.52,15885.9,4.1211,40,285,1913.2811,43.8287,32.4663,17.1,B
51,sa2/customer-feedback,15469.71,6602.3,9914.43,0.0,0,343,2302.6506,42.2348,32.4663,13.1,B
51,sa3/customer-feedback,17073.92,3036.11,6583.03,0.0,0,346,2322.7904,46.6145,32.4663,20.3,B
52,sa/customer-feedback,14969.06,12806.14,15885.9,0.0,0,262,3462.997,32.9989,39.2467,18.2,B
52,sa2/customer-feedback,16368.39,6605.92,9914.43,0.0,0,284,3753.783,36.0837,39.2467,19.7,B
52,sa3/customer-feedback,13784.47,3037.73,6583.03,0.0,0,249,3291.1689,30.3875,39.2467,13.5,B
53,sa/customer-feedback,14617.99,12804.94,15885.9,0.0,0,11297,9020.9654,13.6926,34.1497,18.1,B
53,sa2/customer-feedback,15366.49,6611.84,9914.43,0.0,0,344,274.6935,14.3937,34.1497,18.3,B
53,sa3/customer-feedback,14561.59,3038.24,6583.03,0.0,0,279,222.7892,13.6397,34.1497,13.4,B
54,sa/customer-feedback,14385.82,12804.64,15885.9,0.0,0,308,4281.2288,26.7601,33.2623,13.9,B
54,sa2/customer-feedback,12944.59,6605.81,9914.43,0.0,0,260,3614.0243,24.0791,33.2623,12.3,B
54,sa3/customer-feedback,16860.74,3039.88,6583.03,0.0,0,297,4128.3278,31.3638,33.2623,17.3,B
55,sa/customer-feedback,14463.05,12806.3,15885.9,0.0,0,7443,11771.4646,25.0496,37.194,14.9,B
55,sa2/customer-feedback,15607.39,6603.8,9914.43,4.0977,42,2893,4575.4195,27.0316,37.194,16.3,B
55,sa3/customer-feedback,15395.05,3036.1,6583.03,0.0,0,370,585.1729,26.6638,37.194,14.4,B
56,sa/customer-feedback,18617.46,12806.52,15885.9,0.0,0,5757,15212.6282,30.2201,30.6247,15.1,B
56,sa2/customer-feedback,18464.67,6606.95,9914.43,0.0,0,1532,4048.245,29.9721,30.6247,17.0,B
56,sa3/customer-feedback,15817.9,3038.84,6583.03,4.1172,40,358,945.9998,25.6758,30.6247,15.9,B
57,sa/customer-feedback,14421.42,12808.82,15885.9,3.9609,38,224,1958.0115,13.6547,33.3903,20.1,B
57,sa2/customer-feedback,14230.68,6606.57,9914.43,0.0,0,311,2718.4892,13.4741,33.3903,19.8,B
57,sa3/customer-feedback,13191.65,3038.88,6583.03,0.0,0,329,2875.8294,12.4903,33.3903,14.7,B
58,sa/customer-feedback,14948.61,12810.21,15885.9,0.0,0,582,2324.2772,23.6016,37.537,13.6,B
58,sa2/customer-feedback,15921.46,6607.49,9914.43,0.0,0,339,1353.8316,25.1376,37.537,11.8,B
58,sa3/customer-feedback,15150.22,3038.01,6583.03,0.0,0,335,1337.8572,23.9199,37.537,17.0,B
59,sa/customer-feedback,16967.6,12809.98,15885.9,0.0,0,6186,10391.2564,13.2454,30.2957,13.6,B
59,sa2/customer-feedback,14579.92,6609.06,9914.43,0.0,0,512,860.0587,11.3815,30.2957,15.1,B
59,sa3/customer-feedback,15496.76,3042.24,6583.03,0.0,0,597,1002.8419,12.0972,30.2957,18.6,B
60,sa/customer-feedback,14074.75,12808.95,15885.9,0.0,0,263,2665.5441,22.3868,34.8913,15.3,B
60,sa2/customer-feedback,15296.95,6607.3,9914.43,0.0,0,318,3222.9773,24.3308,34.8913,21.8,B
60,sa3/customer-feedback,15712.86,3048.98,6583.03,0.0,0,300,3040.5446,24.9924,34.8913,15.0,B
61,sa/customer-feedback,14201.02,12809.84,15885.9,0.0,0,381,2957.7562,13.2491,35.4477,14.2,B
61,sa2/customer-feedback,13895.22,6619.61,9914.43,4.0508,42,467,3625.3862,12.9638,35.4477,12.4,B
61,sa3/customer-feedback,14517.08,3044.13,6583.03,0.0,0,1860,14439.4396,13.544,35.4477,15.1,B
62,sa/customer-feedback,14139.98,12814.35,15885.9,0.0,0,315,3724.2364,26.8782,33.321,16.6,B
62,sa2/customer-feedback,14746.49,6609.57,9914.43,0.0,0,596,7046.4917,28.0311,33.321,14.1,B
62,sa3/customer-feedback,13899.85,3042.21,6583.03,3.8945,38,256,3026.681,26.4217,33.321,11.7,B
63,sa/customer-feedback,14290.45,12813.21,15885.9,3.9883,42,288,959.8124,13.007,32.18,12.1,B
63,sa2/customer-feedback,16134.71,6611.18,9914.43,0.0,0,2019,6728.6852,14.6857,32.18,19.7,B
63,sa3/customer-feedback,15962.9,3043.91,6583.03,0.0,0,307,1023.1334,14.5293,32.18,12.6,B
64,sa/customer-feedback,13588.66,12809.21,15885.9,0.0,0,1728,9440.9476,20.8509,31.3193,16.9,B
64,sa2/customer-feedback,14837.27,6609.19,9914.43,0.0,0,264,1442.367,22.7669,31.3193,16.5,B
64,sa3/customer-feedback,15040.83,3043.79,6583.03,0.0,0,261,1425.9765,23.0792,31.3193,12.7,B
65,sa/customer-feedback,14391.64,12810.51,15885.9,0.0,0,2244,4774.8297,12.278,31.2113,17.0,B
65,sa2/customer-feedback,14735.45,6623.64,9914.43,0.0,0,2722,5791.928,12.5713,31.2113,13.4,B
65,sa3/customer-feedback,13536.87,3041.59,6583.03,0.0,0,288,612.8124,11.5487,31.2113,15.2,B
66,sa/customer-feedback,15442.2,12810.08,15885.9,0.0,0,704,7645.0086,23.2727,33.732,13.4,B
66,sa2/customer-feedback,15421.97,6612.79,9914.43,0.0,0,287,3116.6441,23.2422,33.732,17.3,B
66,sa3/customer-feedback,14658.15,3045.79,6583.03,0.0,0,277,3008.0503,22.0911,33.732,15.6,B
67,sa/customer-feedback,14190.29,12810.85,15885.9,0.0,0,4835,11695.3622,12.7805,35.9873,13.8,B
67,sa2/customer-feedback,15317.85,6611.28,9914.43,4.0195,40,361,873.2215,13.796,35.9873,16.4,B
67,sa3/customer-feedback,15332.86,3047.45,6583.03,0.0,0,304,735.3444,13.8095,35.9873,13.5,B
68,sa/customer-feedback,17758.46,12814.13,15885.9,0.0,0,5246,21950.665,25.7078,32.222,21.5,B
68,sa2/customer-feedback,18399.28,6613.68,9914.43,0.0,0,366,1531.4417,26.6355,32.222,17.0,B
68,sa3/customer-feedback,11796.23,3045.08,6583.03,4.0586,40,237,991.6713,17.0767,32.222,12.1,B
69,sa/customer-feedback,14954.12,12813.82,15885.9,4.0273,42,1999,2897.531,16.4853,31.4903,19.3,B
69,sa2/customer-feedback,14697.68,6614.64,9914.43,0.0,0,275,398.6098,16.2026,31.4903,18.3,B
69,sa3/customer-feedback,13924.34,3049.92,6583.03,0.0,0,290,420.3522,15.3501,31.4903,13.4,B
70,sa/customer-feedback,15804.01,12814.48,15885.9,0.0,0,8989,5840.0889,21.0369,31.0067,14.2,B
70,sa2/customer-feedback,16643.48,6612.5,9914.43,0.0,0,510,331.3433,22.1543,31.0067,14.6,B
70,sa3/customer-feedback,16288.49,3048.12,6583.03,0.0,0,4464,2900.2288,21.6818,31.0067,19.4,B
71,sa/customer-feedback,15041.34,12812.52,15885.9,0.0,0,6302,7297.7148,15.0403,31.5303,17.2,B
71,sa2/customer-feedback,15927.68,6615.92,9914.43,0.0,0,362,419.1959,15.9266,31.5303,13.7,B
71,sa3/customer-feedback,15786.19,3046.75,6583.03,0.0,0,3995,4626.2093,15.7851,31.5303,14.4,B
72,sa/customer-feedback,15675.66,12811.35,15885.9,0.0,0,2343,8536.1637,25.2934,35.9713,18.5,B
72,sa2/customer-feedback,13247.86,6614.57,9914.43,0.0,0,290,1056.5461,21.376,35.9713,13.7,B
72,sa3/customer-feedback,16557.7,3049.24,6583.03,0.0,0,458,1668.6142,26.7166,35.9713,19.2,B
73,sa/customer-feedback,16655.32,12812.83,15885.9,0.0,0,279,2610.5307,15.8938,36.36,15.5,B
73,sa2/customer-feedback,14632.62,6617.25,9914.43,0.0,0,301,2816.379,13.9636,36.36,14.6,B
73,sa3/customer-feedback,14586.64,3049.25,6583.03,0.0,0,562,5258.4883,13.9197,36.36,11.7,B
74,sa/customer-feedback,13268.21,12810.89,15885.9,0.0,0,220,3425.2669,23.477,30.8783,14.7,B
74,sa2/customer-feedback,15115.39,6615.72,9914.43,4.1602,40,287,4468.4163,26.7454,30.8783,16.9,B
74,sa3/customer-feedback,14906.44,3047.52,6583.03,4.0156,40,349,5433.7188,26.3757,30.8783,14.7,B
75,sa/customer-feedback,15392.93,12814.31,15885.9,4.1445,42,630,3721.2818,14.1513,32.602,12.9,B
75,sa2/customer-feedback,13875.42,6615.06,9914.43,0.0,0,260,1535.7671,12.7562,32.602,15.1,B
75,sa3/customer-feedback,15871.72,3049.76,6583.03,0.0,0,304,1795.6661,14.5915,32.602,23.2,B
76,sa/customer-feedback,15346.6,12813.9,15885.9,0.0,0,2925,9972.8881,35.2821,30.7523,15.2,B
76,sa2/customer-feedback,16121.81,6615.22,9914.43,0.0,0,288,981.9459,37.0643,30.7523,17.3,B
76,sa3/customer-feedback,13961.89,3047.34,6583.03,0.0,0,290,988.765,32.0986,30.7523,8.8,B
77,sa/customer-feedback,14121.91,12814.97,15885.9,0.0,0,788,4793.5715,13.2613,34.0663,15.7,B
77,sa2/customer-feedback,13120.83,6617.64,9914.43,0.0,0,337,2050.0426,12.3212,34.0663,16.3,B
77,sa3/customer-feedback,15630.03,3048.82,6583.03,0.0,0,310,1885.7959,14.6775,34.0663,15.8,B
78,sa/customer-feedback,16573.87,12821.87,15885.9,0.0,0,3660,7541.047,21.3399,36.7077,17.1,B
78,sa2/customer-feedback,15340.21,6616.6,9914.43,0.0,0,325,669.6285,19.7515,36.7077,15.3,B
78,sa3/customer-feedback,16547.28,3049.44,6583.03,0.0,0,525,1081.7076,21.3056,36.7077,15.8,B
79,sa/customer-feedback,14442.72,12822.68,15885.9,0.0,0,496,11156.1146,12.7521,36.159,15.4,B
79,sa2/customer-feedback,14202.15,6617.86,9914.43,0.0,0,368,8277.1173,12.5397,36.159,16.0,B
79,sa3/customer-feedback,14979.73,3047.88,6583.03,0.0,0,289,6500.2361,13.2262,36.159,14.2,B
80,sa/customer-feedback,13855.62,12817.35,15885.9,0.0,0,253,2725.3681,22.2611,32.2467,12.2,B
80,sa2/customer-feedback,14211.15,6623.62,9914.43,4.0586,40,950,10233.5955,22.8323,32.2467,10.3,B
80,sa3/customer-feedback,15508.37,3051.11,6583.03,4.0117,40,274,2951.5844,24.9165,32.2467,18.8,B
81,sa/customer-feedback,16743.78,12817.25,15885.9,3.9531,38,260,462.4417,16.9013,29.6607,18.0,B
81,sa2/customer-feedback,14709.1,6619.62,9914.43,0.0,0,1952,3471.8697,14.8474,29.6607,14.8,B
81,sa3/customer-feedback,14245.31,3050.49,6583.03,0.0,0,408,725.6777,14.3793,29.6607,18.0,B
82,sa/customer-feedback,15242.23,12818.02,15885.9,0.0,0,292,1087.1645,21.9203,33.9557,16.2,B
82,sa2/customer-feedback,15218.17,6619.17,9914.43,0.0,0,1308,4869.9013,21.8857,33.9557,20.2,B
82,sa3/customer-feedback,14611.4,3052.02,6583.03,0.0,0,332,1236.0912,21.0131,33.9557,12.2,B
83,sa/customer-feedback,15134.43,12819.14,15885.9,0.0,0,300,1665.5136,16.178,34.9123,14.5,B
83,sa2/customer-feedback,14812.26,6619.64,9914.43,0.0,0,422,2342.8225,15.8336,34.9123,10.5,B
83,sa3/customer-feedback,14297.58,3056.83,6583.03,0.0,0,292,1621.0999,15.2834,34.9123,18.6,B
84,sa/customer-feedback,15425.23,12817.52,15885.9,0.0,0,289,1150.4203,26.2004,34.3777,17.5,B
84,sa2/customer-feedback,12922.91,6620.05,9914.43,0.0,0,2583,10282.1298,21.9501,34.3777,12.7,B
84,sa3/customer-feedback,14338.52,3056.42,6583.03,0.0,0,710,2826.292,24.3545,34.3777,15.1,B
85,sa/customer-feedback,15837.76,12816.71,15885.9,0.0,0,354,2134.0845,15.6956,37.1023,12.7,B
85,sa2/customer-feedback,16907.04,6615.54,9914.43,0.0,0,2675,16126.2033,16.7553,37.1023,21.3,B
85,sa3/customer-feedback,14891.86,3053.68,6583.03,0.0,0,528,3183.0412,14.7582,37.1023,10.6,B
86,sa/customer-feedback,16827.69,12825.92,15885.9,0.0,0,363,1019.3894,25.6643,30.6747,17.2,B
86,sa2/customer-feedback,14410.81,6619.86,9914.43,4.1055,42,292,820.0047,21.9783,30.6747,10.4,B
86,sa3/customer-feedback,16351.04,3054.66,6583.03,4.1133,42,5533,15537.9659,24.9374,30.6747,18.1,B
87,sa/customer-feedback,13771.23,12821.94,15885.9,4.0938,42,297,995.5109,27.4962,31.133,15.6,B
87,sa2/customer-feedback,14347.05,6621.02,9914.43,0.0,0,242,811.157,28.6459,31.133,15.6,B
87,sa3/customer-feedback,13191.07,3054.86,6583.03,0.0,0,439,1471.4791,26.3378,31.133,13.8,B
88,sa/customer-feedback,14025.83,12820.76,15885.9,0.0,0,282,2791.1608,23.7643,33.1563,14.8,B
88,sa2/customer-feedback,14860.43,6622.34,9914.43,0.0,0,553,5473.4464,25.1784,33.1563,18.8,B
88,sa3/customer-feedback,15091.78,3053.23,6583.03,0.0,0,308,3048.5018,25.5703,33.1563,15.2,B
89,sa/customer-feedback,13861.4,12820.38,15885.9,0.0,0,271,359.1125,27.6082,30.0893,17.1,B
89,sa2/customer-feedback,15641.86,6624.84,9914.43,0.0,0,4114,5451.6189,31.1544,30.0893,11.6,B
89,sa3/customer-feedback,17033.65,3057.42,6583.03,0.0,0,308,408.1426,33.9264,30.0893,18.1,B
90,sa/customer-feedback,14137.44,12821.05,15885.9,0.0,0,288,1454.4143,19.6883,32.3037,13.9,B
90,sa2/customer-feedback,14801.98,6622.57,9914.43,0.0,0,1941,9802.146,20.6138,32.3037,14.1,B
90,sa3/customer-feedback,14241.2,3054.03,6583.03,0.0,0,277,1398.8637,19.8328,32.3037,14.9,B
91,sa/customer-feedback,12206.95,12822.81,15885.9,0.0,0,322,800.3447,10.3933,32.5817,12.2,B
91,sa2/customer-feedback,17638.47,6623.95,9914.43,0.0,0,5503,13677.9406,15.0179,32.5817,16.8,B
91,sa3/customer-feedback,17564.33,3055.11,6583.03,0.0,0,440,1093.6387,14.9548,32.5817,18.5,B
92,sa/customer-feedback,14768.79,12820.67,15885.9,0.0,0,1932,2544.6205,26.5705,30.885,13.0,B
92,sa2/customer-feedback,14001.25,6622.44,9914.43,3.918,40,6869,9047.1004,25.1896,30.885,14.9,B
92,sa3/customer-feedback,14324.3,3058.46,6583.03,3.9922,38,286,376.6881,25.7708,30.885,17.9,B
93,sa/customer-feedback,15775.05,12828.26,15885.9,0.0,0,4523,7234.7803,14.8969,33.3763,20.2,B
93,sa2/customer-feedback,16939.79,6624.81,9914.43,0.0,0,568,908.5464,15.9968,33.3763,21.1,B
93,sa3/customer-feedback,14709.25,3054.86,6583.03,0.0,0,324,518.2553,13.8904,33.3763,10.9,B
94,sa/customer-feedback,14063.32,12820.93,15885.9,3.9609,38,511,4973.1175,25.6346,32.16,12.7,B
94,sa2/customer-feedback,13797.79,6626.54,9914.43,0.0,0,319,3104.5489,25.1506,32.16,12.9,B
94,sa3/customer-feedback,14945.08,3056.43,6583.03,0.0,0,270,2627.6746,27.2418,32.16,18.4,B
95,sa/customer-feedback,19082.16,12825.04,15885.9,0.0,0,11529,17143.0253,19.0236,32.3583,18.0,B
95,sa2/customer-feedback,17601.07,6622.36,9914.43,0.0,0,1150,1709.9904,17.5471,32.3583,21.4,B
95,sa3/customer-feedback,13500.75,3058.03,6583.03,0.0,0,476,707.7873,13.4593,32.3583,11.4,B
96,sa/customer-feedback,14386.69,12823.75,15885.9,0.0,0,274,2914.8137,17.9648,31.4273,14.8,B
96,sa2/customer-feedback,15989.07,6623.52,9914.43,0.0,0,295,3138.2119,19.9657,31.4273,17.3,B
96,sa3/customer-feedback,14932.7,3058.35,6583.03,0.0,0,220,2340.3614,18.6466,31.4273,15.8,B
97,sa/customer-feedback,16665.34,12824.56,15885.9,0.0,0,813,4011.1982,15.4364,35.1487,14.0,B
97,sa2/customer-feedback,15807.76,6632.55,9914.43,0.0,0,334,1647.8969,14.6421,35.1487,17.3,B
97,sa3/customer-feedback,15015.7,3058.48,6583.03,0.0,0,1255,6191.9479,13.9084,35.1487,20.9,B
98,sa/customer-feedback,15754.64,12832.8,15885.9,0.0,0,788,2117.6307,21.8064,33.6197,17.7,B
98,sa2/customer-feedback,15520.15,6622.75,9914.43,4.1367,40,305,819.6413,21.4819,33.6197,12.3,B
98,sa3/customer-feedback,14771.56,3061.17,6583.03,0.0,0,5498,14775.0429,20.4457,33.6197,14.4,B
99,sa/customer-feedback,13294.31,12825.88,15885.9,0.0,0,387,1034.7972,16.1316,30.132,15.1,B
99,sa2/customer-feedback,12876.31,6623.98,9914.43,0.0,0,267,713.9298,15.6244,30.132,14.2,B
99,sa3/customer-feedback,15787.5,3060.11,6583.03,3.9492,40,1374,3673.931,19.1569,30.132,17.4,B
100,sa/customer-feedback,17114.63,12825.96,15885.9,3.9258,40,1327,3553.9169,23.0263,32.2523,15.1,B
100,sa2/customer-feedback,14331.87,6624.86,9914.43,0.0,0,324,867.7235,19.2824,32.2523,14.7,B
100,sa3/customer-feedback,16855.94,3061.34,6583.03,0.0,0,822,2201.4466,22.6783,32.2523,17.2,B
101,sa/customer-feedback,13976.96,12828.07,15885.9,0.0,0,300,3371.1241,14.4417,31.3973,10.0,B
101,sa2/customer-feedback,16146.76,6630.16,9914.43,0.0,0,307,3449.7836,16.6837,31.3973,19.7,B
101,sa3/customer-feedback,13288.73,3058.7,6583.03,0.0,0,365,4101.5343,13.7306,31.3973,13.1,B
102,sa/customer-feedback,16064.11,12824.08,15885.9,0.0,0,1125,4133.2338,22.2527,34.8857,13.1,B
102,sa2/customer-feedback,13525.71,6628.38,9914.43,0.0,0,327,1201.3933,18.7364,34.8857,11.1,B
102,sa3/customer-feedback,17094.31,3062.09,6583.03,0.0,0,985,3618.8759,23.6798,34.8857,19.6,B
103,sa/customer-feedback,15796.26,12827.56,15885.9,0.0,0,962,4584.75,16.9951,37.0653,21.0,B
103,sa2/customer-feedback,17245.17,6630.18,9914.43,0.0,0,3905,18610.6536,18.554,37.0653,17.9,B
103,sa3/customer-feedback,14164.84,3058.74,6583.03,0.0,0,275,1310.6094,15.2399,37.0653,11.5,B
104,sa/customer-feedback,15070.98,12824.68,15885.9,0.0,0,11825,17797.0019,19.4801,31.5153,18.6,B
104,sa2/customer-feedback,14058.51,6630.87,9914.43,4.1602,40,673,1012.8864,18.1714,31.5153,13.2,B
104,sa3/customer-feedback,17316.41,3060.84,6583.03,0.0,0,335,504.1857,22.3825,31.5153,16.8,B
105,sa/customer-feedback,15086.31,12825.04,15885.9,0.0,0,1625,2407.9722,18.2888,32.175,14.8,B
105,sa2/customer-feedback,13733.4,6626.67,9914.43,0.0,0,292,432.6941,16.6487,32.175,16.3,B
105,sa3/customer-feedback,15631.36,3064.59,6583.03,4.1289,42,388,574.9497,18.9495,32.175,18.1,B
106,sa/customer-feedback,14000.5,12825.99,15885.9,4.168,42,2347,7788.4042,27.1539,31.8823,16.8,B
106,sa2/customer-feedback,16003.09,6625.25,9914.43,0.0,0,523,1735.5498,31.0379,31.8823,19.2,B
106,sa3/customer-feedback,15029.27,3063.21,6583.03,0.0,0,284,942.44,29.1492,31.8823,12.2,B
107,sa/customer-feedback,13449.62,12826.68,15885.9,0.0,0,8456,10676.7327,12.9392,34.139,12.6,B
107,sa2/customer-feedback,14076.17,6632.07,9914.43,0.0,0,341,430.5541,13.542,34.139,10.5,B
107,sa3/customer-feedback,15992.64,3067.34,6583.03,0.0,0,304,383.8371,15.3858,34.139,19.2,B
108,sa/customer-feedback,15284.31,12837.3,15885.9,0.0,0,1178,2448.2456,21.1236,32.8027,14.1,B
108,sa2/customer-feedback,14519.89,6628.23,9914.43,0.0,0,3003,6241.1558,20.0671,32.8027,15.5,B
108,sa3/customer-feedback,13763.22,3064.59,6583.03,0.0,0,318,660.9016,19.0213,32.8027,15.5,B
109,sa/customer-feedback,17352.62,12830.73,15885.9,0.0,0,7313,15959.4242,15.378,33.9927,15.2,B
109,sa2/customer-feedback,18484.41,6627.79,9914.43,0.0,0,3115,6797.9771,16.381,33.9927,19.2,B
109,sa3/customer-feedback,16481.56,3064.65,6583.03,0.0,0,728,1588.7407,14.606,33.9927,14.2,B
110,sa/customer-feedback,14767.14,12829.55,15885.9,0.0,0,1023,8494.7397,28.5478,30.2217,15.0,B
110,sa2/customer-feedback,13753.69,6627.64,9914.43,3.8477,38,301,2499.4298,26.5886,30.2217,15.9,B
110,sa3/customer-feedback,15851.73,3065.39,6583.03,0.0,0,371,3080.6925,30.6446,30.2217,17.5,B
111,sa/customer-feedback,14386.45,12827.62,15885.9,0.0,0,803,4490.6988,19.4696,30.225,19.6,B
111,sa2/customer-feedback,14091.15,6630.05,9914.43,0.0,0,280,1565.8726,19.07,30.225,19.0,B
111,sa3/customer-feedback,14316.1,3063.25,6583.03,4.082,42,280,1565.8726,19.3744,30.225,12.4,B
112,sa/customer-feedback,15961.69,12830.07,15885.9,4.1367,40,5238,8317.2631,29.6193,32.754,13.7,B
112,sa2/customer-feedback,16559.41,6631.13,9914.43,0.0,0,2090,3318.6483,30.7284,32.754,13.1,B
112,sa3/customer-feedback,15535.43,3065.78,6583.03,0.0,0,319,506.5305,28.8283,32.754,15.8,B
113,sa/customer-feedback,13818.45,12828.39,15885.9,0.0,0,2945,6774.1009,13.5583,32.939,11.8,B
113,sa2/customer-feedback,13522.9,6630.7,9914.43,0.0,0,251,577.3512,13.2684,32.939,14.8,B
113,sa3/customer-feedback,14818.22,3074.62,6583.03,0.0,0,426,979.8869,14.5393,32.939,16.2,B
114,sa/customer-feedback,16685.91,12832.17,15885.9,0.0,0,801,9676.9473,25.7644,34.9393,20.8,B
114,sa2/customer-feedback,15015.28,6631.53,9914.43,0.0,0,238,2875.2977,23.1848,34.9393,16.6,B
114,sa3/customer-feedback,14366.33,3066.77,6583.03,0.0,0,265,3201.4869,22.1828,34.9393,13.7,B
115,sa/customer-feedback,13915.78,12832.39,15885.9,0.0,0,302,4041.25,12.6529,35.2287,12.3,B
115,sa2/customer-feedback,17972.54,6637.93,9914.43,0.0,0,330,4415.9354,16.3415,35.2287,14.9,B
115,sa3/customer-feedback,15854.33,3066.92,6583.03,0.0,0,290,3880.6705,14.4155,35.2287,16.6,B
116,sa/customer-feedback,15118.89,12832.37,15885.9,0.0,0,5169,11200.0718,23.5952,29.2877,19.8,B
116,sa2/customer-feedback,12835.42,6631.07,9914.43,0.0,0,249,539.5275,20.0315,29.2877,15.7,B
116,sa3/customer-feedback,14111.06,3067.76,6583.03,0.0,0,289,626.1986,22.0223,29.2877,14.5,B
117,sa/customer-feedback,14034.05,12831.24,15885.9,0.0,0,6122,8776.4777,12.9982,31.547,13.5,B
117,sa2/customer-feedback,17159.94,6633.03,9914.43,4.1484,42,5732,8217.3751,15.8934,31.547,21.1,B
117,sa3/customer-feedback,15002.8,3065.84,6583.03,4.1289,40,634,908.9002,13.8954,31.547,12.0,B
118,sa/customer-feedback,15563.39,12831.34,15885.9,4.0586,42,2977,9348.0139,22.4168,36.9477,11.3,B
118,sa2/customer-feedback,15224.03,6634.48,9914.43,0.0,0,330,1036.2259,21.928,36.9477,10.2,B
118,sa3/customer-feedback,17674.24,3076.45,6583.03,0.0,0,307,964.0041,25.4572,36.9477,17.7,B
119,sa/customer-feedback,13404.46,12832.1,15885.9,0.0,0,3942,10028.1397,12.9526,31.2533,12.8,B
119,sa2/customer-feedback,13455.35,6630.69,9914.43,0.0,0,1040,2645.6787,13.0018,31.2533,19.1,B
119,sa3/customer-feedback,12341.66,3067.61,6583.03,0.0,0,376,956.5146,11.9256,31.2533,15.3,B
120,sa/customer-feedback,14974.73,12833.38,15885.9,0.0,0,2169,4461.9588,21.7583,35.4547,14.2,B
120,sa2/customer-feedback,16221.0,6630.21,9914.43,0.0,0,1886,3879.7853,23.5691,35.4547,19.5,B
120,sa3/customer-feedback,15491.87,3069.7,6583.03,0.0,0,279,573.9449,22.5097,35.4547,11.6,B
121,sa/customer-feedback,13735.65,12833.23,15885.9,0.0,0,540,6111.1634,13.7069,34.516,14.0,B
121,sa2/customer-feedback,14246.17,6634.8,9914.43,0.0,0,568,6428.0385,14.2163,34.516,14.8,B
121,sa3/customer-feedback,15305.83,3069.21,6583.03,0.0,0,322,3644.0641,15.2738,34.516,15.9,B
122,sa/customer-feedback,15338.55,12831.34,15885.9,0.0,0,2477,11222.6742,22.9457,31.9773,17.3,B
122,sa2/customer-feedback,14753.76,6637.1,9914.43,0.0,0,798,3615.5406,22.0709,31.9773,15.8,B
122,sa3/customer-feedback,13877.05,3068.34,6583.03,0.0,0,298,1350.1643,20.7594,31.9773,17.5,B
123,sa/customer-feedback,14762.62,12832.06,15885.9,0.0,0,309,556.76,15.0816,31.3533,16.6,B
123,sa2/customer-feedback,14116.7,6638.21,9914.43,4.0977,42,4211,7587.4321,14.4217,31.3533,15.7,B
123,sa3/customer-feedback,14361.29,3068.86,6583.03,3.8867,38,283,509.9129,14.6716,31.3533,11.2,B
124,sa/customer-feedback,14316.08,12832.19,15885.9,3.9258,38,4167,4011.7043,21.2928,30.083,12.2,B
124,sa2/customer-feedback,15874.56,6642.41,9914.43,0.0,0,6345,6108.5346,23.6107,30.083,11.8,B
124,sa3/customer-feedback,15823.97,3070.28,6583.03,0.0,0,328,315.7761,23.5355,30.083,16.8,B
125,sa/customer-feedback,15417.81,12833.64,15885.9,0.0,0,1564,1855.2271,14.6113,31.635,20.3,B
125,sa2/customer-feedback,13810.54,6634.76,9914.43,0.0,0,2561,3037.875,13.0881,31.635,15.6,B
125,sa3/customer-feedback,13537.74,3072.52,6583.03,0.0,0,3306,3921.5989,12.8296,31.635,16.2,B
126,sa/customer-feedback,14986.45,12835.76,15885.9,0.0,0,7210,5580.5908,24.1776,31.1623,12.3,B
126,sa2/customer-feedback,17159.73,6635.39,9914.43,0.0,0,5305,4106.1074,27.6837,31.1623,17.3,B
126,sa3/customer-feedback,16357.68,3074.16,6583.03,0.0,0,1962,1518.6018,26.3898,31.1623,14.9,B
127,sa/customer-feedback,14549.05,12836.05,15885.9,0.0,0,391,12828.5014,14.7477,36.6633,15.1,B
127,sa2/customer-feedback,13647.44,6638.15,9914.43,0.0,0,297,9744.4116,13.8338,36.6633,14.6,B
127,sa3/customer-feedback,14640.68,3074.05,6583.03,0.0,0,388,12730.073,14.8406,36.6633,12.2,B
128,sa/customer-feedback,14081.68,12836.23,15885.9,0.0,0,213,2194.5954,24.3646,30.7297,18.1,B
128,sa2/customer-feedback,13967.76,6637.95,9914.43,0.0,0,733,7552.2929,24.1675,30.7297,13.0,B
128,sa3/customer-feedback,12542.24,3073.21,6583.03,0.0,0,271,2792.1847,21.701,30.7297,13.7,B
129,sa/customer-feedback,15432.06,12836.74,15885.9,0.0,0,3195,3936.4581,18.1625,30.455,15.3,B
129,sa2/customer-feedback,16390.54,6637.23,9914.43,4.0391,42,1316,1621.4019,19.2905,30.455,15.2,B
129,sa3/customer-feedback,13988.12,3076.05,6583.03,4.2422,44,293,360.996,16.463,30.455,11.6,B
130,sa/customer-feedback,13288.54,12838.77,15885.9,4.0781,42,1775,5961.1108,25.5486,31.248,15.6,B
130,sa2/customer-feedback,13822.06,6638.96,9914.43,0.0,0,292,980.6447,26.5744,31.248,11.2,B
130,sa3/customer-feedback,6911.96,3071.38,6583.03,0.0,0,294,987.3615,13.289,31.248,16.2,B
131,sa/customer-feedback,8558.17,12834.36,15885.9,0.0,0,328,1910.4462,35.9363,26.1697,22.1,B
131,sa2/customer-feedback,964.7,6637.2,9914.43,0.0,0,532,3098.6505,4.0508,26.1697,0.25,B
131,sa3/customer-feedback,119.53,3069.42,6583.03,0.0,0,590,3436.4733,0.5019,26.1697,0.297,B
132,sa/customer-feedback,129.56,12832.19,15885.9,0.0,0,508,8600.3154,22.5748,29.4683,0.132,B
132,sa2/customer-feedback,132.11,6637.48,9914.43,0.0,0,594,10056.2743,23.0191,29.4683,0.241,B
132,sa3/customer-feedback,126.44,3069.23,6583.03,0.0,0,447,7567.6003,22.0311,29.4683,0.301,B
133,sa/customer-feedback,128.99,12831.41,15885.9,0.0,0,581,5076.9301,29.7734,29.3593,0.0413,B
133,sa2/customer-feedback,125.27,6636.28,9914.43,0.0,0,635,5548.7962,28.9148,29.3593,0.0362,B
133,sa3/customer-feedback,115.47,3069.06,6583.03,0.0,0,629,5496.3667,26.6528,29.3593,0.0491,B
134,sa/customer-feedback,128.96,12830.11,15885.9,0.0,0,478,4655.3021,30.5543,25.9137,0.0366,B
134,sa2/customer-feedback,124.72,6635.6,9914.43,0.0,0,597,5814.2581,29.5498,25.9137,0.0418,B
134,sa3/customer-feedback,136.07,3069.87,6583.03,0.0,0,452,4402.0848,32.2389,25.9137,0.0601,B
135,sa/customer-feedback,131.06,12831.91,15885.9,0.0,0,477,5072.6018,16.9251,22.1277,0.068,B
135,sa2/customer-feedback,128.46,6632.99,9914.43,3.8828,38,473,5030.0643,16.5894,22.1277,0.072,B
135,sa3/customer-feedback,120.88,3069.33,6583.03,3.9688,40,498,5295.9239,15.6105,22.1277,0.068,B
136,sa/customer-feedback,124.13,12829.98,15885.9,0.0,0,484,1943.5641,25.5411,23.3847,0.0731,B
136,sa2/customer-feedback,128.74,6631.74,9914.43,0.0,0,430,1726.7201,26.4897,23.3847,0.115,B
136,sa3/customer-feedback,115.99,3069.17,6583.03,0.0,0,560,2248.7518,23.8662,23.3847,0.0784,B
137,sa/customer-feedback,125.82,12828.77,15885.9,4.1445,40,525,9186.5897,15.0617,22.2327,0.0882,B
137,sa2/customer-feedback,120.17,6631.83,9914.43,0.0,0,580,10148.9943,14.3853,22.2327,0.0992,B
137,sa3/customer-feedback,123.5,3069.73,6583.03,0.0,0,526,9204.088,14.784,22.2327,0.0826,B
138,sa/customer-feedback,126.33,12828.46,15885.9,0.0,0,498,2534.0399,54.6328,26.8977,0.0292,B
138,sa2/customer-feedback,125.6,6632.24,9914.43,0.0,0,500,2544.2168,54.3171,26.8977,0.0256,B
138,sa3/customer-feedback,122.67,3068.82,6583.03,0.0,0,522,2656.1623,53.05,26.8977,0.0256,B
139,sa/customer-feedback,123.32,12829.11,15885.9,0.0,0,501,9700.6829,45.9061,25.3467,0.0459,B
139,sa2/customer-feedback,120.69,6630.5,9914.43,0.0,0,639,12372.7274,44.9271,25.3467,0.0492,B
139,sa3/customer-feedback,123.94,3068.75,6583.03,0.0,0,549,10630.0897,46.1369,25.3467,0.0427,B
140,sa/customer-feedback,122.91,12829.2,15885.9,0.0,0,478,4059.6338,24.4493,22.6343,0.0661,B
140,sa2/customer-feedback,119.21,6630.52,9914.43,0.0,0,483,4102.0985,23.7132,22.6343,0.0841,B
140,sa3/customer-feedback,126.38,3068.04,6583.03,0.0,0,456,3872.7887,25.1395,22.6343,0.0781,B
141,sa/customer-feedback,123.74,12829.64,15885.9,0.0,0,467,1180.2768,13.3977,20.8413,0.162,B
141,sa2/customer-feedback,121.89,6631.22,9914.43,3.9805,40,505,1276.3165,13.1974,20.8413,0.126,B
141,sa3/customer-feedback,123.9,3067.35,6583.03,0.0,0,475,1200.4957,13.415,20.8413,0.135,B
