timestamp,app_name,load_level,run_id,node_id,node_cpu_watts,cpu_usage_mcores,ram_usage_mi,disk_total_gb,disk_used_gb,disk_free_gb,disk_read_mb,disk_write_mb,disk_read_ios,disk_write_ios,cpu_psi_some_pct,cpu_psi_some_us,sched_total_ms,sched_count,dstate_total_ms,dstate_count,softirq_total_ms,softirq_count
2026-03-26 10:43:50,BASELINE,low,0,worker1,221,2560.0,25524.55,878.04,128.48,704.89,61.0234,9.5156,2742,244,4160447.7484,208022387419,24138.179,96966,202.99,2102,103.843,2936
2026-03-26 10:43:55,BASELINE,low,0,worker1,216,1792.0,25514.57,878.04,128.48,704.89,17.6016,1.1719,664,138,29.8596,1492981,32517.374,62723,81.725,1208,68.435,1827
2026-03-26 10:44:00,BASELINE,low,0,worker1,217,2816.0,25510.46,878.04,128.48,704.89,0.1797,5.4688,6,146,29.3288,1466441,22103.626,58163,36.596,998,59.018,1400
2026-03-26 10:44:05,BASELINE,low,0,worker1,215,3072.0,25506.39,878.04,128.48,704.89,13.7188,2.1094,664,298,20.2642,1013208,12095.869,61318,178.103,1182,58.211,1443
2026-03-26 10:44:10,BASELINE,low,0,worker1,219,1536.0,25521.96,878.04,128.48,704.89,77.9844,0.7031,3052,96,26.3453,1317266,11889.677,62083,162.994,1535,80.568,2173
2026-03-26 10:44:15,BASELINE,low,0,worker1,217,2560.0,25552.8,878.04,128.48,704.89,55.3672,1.7422,2296,208,11.3521,567603,9857.965,66053,119.59,1526,58.286,1621
2026-03-26 10:44:20,BASELINE,low,0,worker1,221,3072.0,25542.79,878.04,128.48,704.89,12.6172,0.7109,548,118,11.3223,566115,7178.675,65396,93.24,1113,66.575,2015
2026-03-26 10:44:25,BASELINE,low,0,worker1,216,1280.0,25545.91,878.04,128.48,704.89,0.75,1.2266,22,140,30.9425,1547126,32176.113,62748,63.397,1073,69.646,1802
2026-03-26 10:44:30,BASELINE,low,0,worker1,220,2560.0,25530.91,878.04,128.48,704.89,83.7422,3.0625,3402,118,34.4809,1724047,32077.054,62364,253.267,1666,68.12,1635
2026-03-26 10:44:35,BASELINE,low,0,worker1,218,2304.0,25526.27,878.04,128.48,704.89,18.0938,4.1719,866,304,3.3202,166008,8508.846,59105,76.75,1158,62.081,1482
2026-03-26 10:44:40,BASELINE,low,0,worker1,219,4352.0,25575.01,878.04,128.48,704.89,0.0312,0.75,4,90,12.5652,628262,8323.875,62130,46.619,1024,61.942,1508
2026-03-26 10:44:45,BASELINE,low,0,worker1,219,2816.0,25539.77,878.04,128.48,704.89,72.7812,1.8359,2896,236,18.7903,939513,10574.516,64832,198.828,1632,67.063,1779
2026-03-26 10:44:50,BASELINE,low,0,worker1,224,2816.0,25501.04,878.04,128.49,704.89,43.3594,0.6719,1784,92,21.5529,1077646,16056.901,67421,119.304,1354,76.754,2465
2026-03-26 10:44:55,BASELINE,low,0,worker1,217,2304.0,25516.14,878.04,128.49,704.89,19.7031,1.8125,708,166,36.2627,1813136,27245.925,63529,94.625,1205,72.024,1985
2026-03-26 10:45:00,BASELINE,low,0,worker1,217,1536.0,25526.21,878.04,128.49,704.89,1.7891,3.2422,38,154,30.7188,1535938,24454.19,57800,41.583,1020,63.255,1526
2026-03-26 10:45:05,BASELINE,low,0,worker1,217,3072.0,25502.77,878.04,128.49,704.89,94.8594,4.3359,3916,312,9.5407,477034,10004.984,65308,218.293,1728,73.155,1813
2026-03-26 10:45:10,BASELINE,low,0,worker1,218,2304.0,25504.9,878.04,128.49,704.89,9.2188,1.7734,322,224,13.9261,696307,6011.547,59699,68.634,1073,60.636,1443
2026-03-26 10:45:15,BASELINE,low,0,worker1,218,2816.0,25503.07,878.04,128.49,704.89,113.7344,1.9453,4576,236,18.0527,902633,17029.366,67349,228.938,1867,63.364,1691
2026-03-26 10:45:20,BASELINE,low,0,worker1,220,1792.0,25503.4,878.04,128.49,704.88,72.1562,0.6484,2826,78,34.3776,1718881,15160.929,62779,288.102,1548,65.843,2089
2026-03-26 10:45:25,BASELINE,low,0,worker1,216,2304.0,25490.64,878.04,128.49,704.88,88.7891,1.3828,3496,154,29.8537,1492686,26216.858,67121,211.101,1614,86.801,2306
2026-03-26 10:45:30,BASELINE,low,0,worker1,219,2304.0,25500.39,878.04,128.49,704.88,15.9922,0.4609,742,74,29.0909,1454547,39012.677,60436,73.882,1134,66.809,1718
2026-03-26 10:45:35,BASELINE,low,0,worker1,215,1536.0,25506.06,878.04,128.49,704.88,19.7109,6.3984,840,224,8.1796,408982,4851.137,62386,82.503,1155,67.188,1773
2026-03-26 10:45:40,BASELINE,low,0,worker1,219,2816.0,25505.45,878.04,128.49,704.88,0.0,1.3125,0,208,12.2082,610409,7473.446,57965,44.793,1045,57.91,1403
2026-03-26 10:45:45,BASELINE,low,0,worker1,220,3072.0,25504.96,878.04,128.49,704.88,50.2031,1.3984,2100,154,14.3319,716595,7642.252,63812,150.164,1427,61.263,1697
2026-03-26 10:45:50,BASELINE,low,0,worker1,221,1792.0,25536.96,878.04,128.49,704.88,14.9766,0.7344,734,100,31.0168,1550842,30806.309,61404,237.588,1118,75.137,2156
2026-03-26 10:45:55,BASELINE,low,0,worker1,219,3072.0,25514.25,878.04,128.49,704.88,17.75,1.5859,596,212,25.3312,1266561,28693.214,65007,119.263,1174,71.54,1940
2026-03-26 10:46:00,BASELINE,low,0,worker1,218,1536.0,25505.09,878.04,128.49,704.88,0.1797,0.8281,6,106,28.8675,1443374,20076.21,60299,44.257,1022,58.325,1453
2026-03-26 10:46:05,BASELINE,low,0,worker1,216,2048.0,25492.55,878.04,128.49,704.88,1.2344,6.125,38,174,1.3431,67154,2395.101,60527,50.528,1043,55.783,1377
2026-03-26 10:46:10,BASELINE,low,0,worker1,218,3072.0,25511.21,878.04,128.49,704.88,1.1406,1.7344,70,236,22.4978,1124890,13438.19,59961,49.053,1035,64.019,1561
2026-03-26 10:46:15,BASELINE,low,0,worker1,216,1792.0,25518.24,878.04,128.49,704.88,32.2891,1.4219,1560,144,15.3671,768355,17294.988,68702,102.268,1382,69.998,1839
2026-03-26 10:46:20,BASELINE,low,0,worker1,220,3328.0,25511.84,878.04,128.49,704.88,1.0938,0.9453,34,106,21.7658,1088289,14758.348,62031,45.957,1010,63.177,2015
2026-03-26 10:46:25,BASELINE,low,0,worker1,220,2304.0,25521.93,878.04,128.49,704.88,0.0,1.125,0,160,32.1089,1605447,16087.122,60929,148.477,1031,67.3,1796
2026-03-26 10:46:30,BASELINE,low,0,worker1,218,1536.0,25535.07,878.04,128.49,704.88,0.0,0.9453,0,114,41.3351,2066756,13647.404,60385,56.637,1071,59.812,1466
2026-03-26 10:46:35,BASELINE,low,0,worker1,217,2560.0,25510.15,878.04,128.49,704.88,0.2109,5.6094,22,156,5.6583,282916,5308.69,59146,48.98,1053,56.195,1362
2026-03-26 10:46:40,BASELINE,low,0,worker1,219,3328.0,25497.73,878.04,128.49,704.88,0.0,0.7969,0,114,18.7629,938147,13744.848,62722,44.923,1035,69.088,1629
2026-03-26 10:46:45,BASELINE,low,0,worker1,218,2048.0,25501.04,878.04,128.49,704.88,11.375,2.1172,540,282,23.6052,1180261,23976.807,65461,68.253,1155,66.236,1825
2026-03-26 10:46:50,BASELINE,low,0,worker1,224,4096.0,25515.32,878.04,128.49,704.88,176.3125,0.7812,7046,118,30.711,1535552,18571.081,65608,467.041,2241,71.436,2298
2026-03-26 10:46:55,BASELINE,low,0,worker1,216,1792.0,25519.77,878.04,128.5,704.88,75.9297,1.3203,2920,138,26.9916,1349582,24943.768,65718,144.607,1482,76.069,2023
2026-03-26 10:47:00,BASELINE,low,0,worker1,218,2560.0,25503.13,878.04,128.5,704.88,3.9766,0.8047,130,114,28.272,1413600,33855.335,59392,52.075,1030,57.452,1449
2026-03-26 10:47:05,BASELINE,low,0,worker1,216,2048.0,25509.67,878.04,128.5,704.88,8.9922,6.0078,300,228,8.7254,436268,7996.031,60278,64.401,1098,58.191,1394
2026-03-26 10:47:10,BASELINE,low,0,worker1,219,1536.0,25512.04,878.04,128.5,704.88,88.2578,1.2656,3594,130,12.4511,622556,6455.41,62440,163.568,1614,63.744,1520
2026-03-26 10:47:15,BASELINE,low,0,worker1,218,2816.0,25543.0,878.04,128.5,704.88,106.8438,1.7812,4088,246,10.3001,515007,6970.05,66101,208.965,1753,59.576,1615
2026-03-26 10:47:20,BASELINE,low,0,worker1,225,2816.0,25551.11,878.04,128.5,704.88,24.2422,0.7734,950,116,20.8985,1044923,29581.15,64891,84.602,1231,68.433,1988
2026-03-26 10:47:25,BASELINE,low,0,worker1,216,1280.0,25552.5,878.04,128.5,704.87,3.3594,1.0391,120,108,29.1357,1456785,12920.946,61964,54.224,1055,68.516,1742
2026-03-26 10:47:30,BASELINE,low,0,worker1,217,3072.0,25518.32,878.04,128.5,704.87,1.8906,0.7969,44,120,31.0667,1553336,18617.679,61996,43.475,1005,67.43,1594
2026-03-26 10:47:35,BASELINE,low,0,worker1,216,1536.0,25509.92,878.04,128.5,704.87,0.7266,5.625,20,160,1.2579,62894,2352.982,59481,56.84,1031,54.166,1301
2026-03-26 10:47:40,BASELINE,low,0,worker1,215,1792.0,25503.32,878.04,128.5,704.87,0.0,1.1406,0,186,25.3669,1268343,23346.305,61515,47.978,1019,61.219,1494
2026-03-26 10:47:45,BASELINE,low,0,worker1,222,2816.0,25530.15,878.04,128.5,704.87,62.0703,1.8281,2506,256,25.396,1269801,16528.095,64098,155.492,1490,59.45,1637
2026-03-26 10:47:50,BASELINE,low,0,worker1,221,2560.0,25492.8,878.04,128.5,704.87,24.1484,0.875,998,110,19.434,971701,8585.915,63522,191.756,1178,69.977,2079
2026-03-26 10:47:55,BASELINE,low,0,worker1,216,1792.0,25486.23,878.04,128.5,704.87,18.5938,1.4062,578,122,28.435,1421750,27208.758,64438,86.256,1213,76.411,1928
2026-03-26 10:48:00,BASELINE,low,0,worker1,216,2304.0,25472.2,878.04,128.5,704.87,0.1875,0.8438,4,118,27.1097,1355485,24836.669,60467,42.251,998,59.494,1440
2026-03-26 10:48:05,BASELINE,low,0,worker1,216,2048.0,25493.34,878.04,128.5,704.87,0.2578,3.2812,10,136,3.6766,183831,6143.149,58424,71.502,1056,53.477,1318
2026-03-26 10:48:10,BASELINE,low,0,worker1,216,2816.0,25500.19,878.04,128.5,704.87,0.3984,3.5,8,206,13.3969,669846,9384.778,59301,54.621,1007,61.677,1501
2026-03-26 10:48:15,BASELINE,low,0,worker1,218,2304.0,25485.65,878.04,128.5,704.87,77.6016,1.1875,2900,130,14.3176,715879,14675.013,65520,155.143,1542,55.855,1578
2026-03-26 10:48:20,BASELINE,low,0,worker1,219,1792.0,25468.54,878.04,128.5,704.87,27.9922,1.3984,1046,248,26.1171,1305855,9806.159,60665,85.827,1187,75.709,2166
2026-03-26 10:48:25,BASELINE,low,0,worker1,219,2560.0,25460.66,878.04,128.5,704.87,2.4453,0.8203,130,106,25.8731,1293656,33106.814,65800,61.694,1034,69.387,1753
2026-03-26 10:48:30,BASELINE,low,0,worker1,217,2304.0,25457.28,878.04,128.5,704.87,1.8359,0.9609,44,112,33.5889,1679443,16604.447,58439,48.664,1089,55.87,1406
2026-03-26 10:48:35,BASELINE,low,0,worker1,216,1792.0,25428.43,878.04,128.5,704.87,0.1484,3.2578,8,132,7.954,397702,12436.922,59087,54.483,1018,51.204,1299
2026-03-26 10:48:40,BASELINE,low,0,worker1,218,3072.0,25437.18,878.04,128.5,704.87,0.9922,3.5078,46,214,9.9627,498137,6539.318,60932,43.898,1016,62.313,1530
2026-03-26 10:48:45,BASELINE,low,0,worker1,217,2560.0,25465.98,878.04,128.5,704.87,58.5938,1.2891,2206,130,16.2095,810475,9452.633,67542,150.49,1492,69.79,1869
2026-03-26 10:48:50,BASELINE,low,0,worker1,221,2816.0,25486.9,878.04,128.5,704.87,69.1953,1.5156,2268,242,21.7747,1088733,21512.975,63267,154.56,1436,68.037,2087
2026-03-26 10:48:55,BASELINE,low,0,worker1,216,1280.0,25459.58,878.04,128.5,704.87,28.3828,0.9844,966,122,31.9832,1599162,29018.033,62130,75.747,1199,65.025,1686
2026-03-26 10:49:00,BASELINE,low,0,worker1,222,2560.0,25467.33,878.04,128.5,704.87,0.2422,1.0234,6,132,31.9019,1595097,25149.28,60931,44.567,1031,63.047,1566
2026-03-26 10:49:05,BASELINE,low,0,worker1,215,2048.0,25466.47,878.04,128.51,704.87,11.3516,1.1016,392,120,19.3893,969466,24424.239,59487,70.691,1156,55.583,1347
2026-03-26 10:49:10,BASELINE,low,0,worker1,218,1536.0,25434.31,878.04,128.51,704.87,3.0156,6.1875,78,174,16.0974,804872,6831.043,59945,63.035,1033,76.564,1860
2026-03-26 10:49:15,BASELINE,low,0,worker1,218,2816.0,25460.58,878.04,128.51,704.87,88.7734,1.4531,3378,142,22.9056,1145281,9923.261,62810,196.207,1619,55.563,1577
2026-03-26 10:49:20,BASELINE,low,0,worker1,221,2816.0,25451.46,878.04,128.51,704.87,24.9844,1.125,916,204,22.8962,1144808,10900.782,60962,84.359,1192,64.866,1986
2026-03-26 10:49:25,BASELINE,low,0,worker1,216,2560.0,25463.67,878.04,128.51,704.87,5.2656,1.5078,212,228,27.0029,1350143,15121.575,62670,65.579,1094,68.855,1771
2026-03-26 10:49:30,BASELINE,low,0,worker1,217,1792.0,25472.98,878.04,128.51,704.87,0.7812,0.7734,38,100,38.3052,1915260,34990.223,56878,42.315,1015,58.848,1426
2026-03-26 10:49:35,BASELINE,low,0,worker1,216,1792.0,25462.77,878.04,128.51,704.86,1.6094,1.0547,56,118,1.7419,87097,2402.028,58816,57.372,1021,61.436,1453
2026-03-26 10:49:40,BASELINE,low,0,worker1,218,4864.0,25481.69,878.04,128.51,704.86,0.0,5.8516,0,152,12.9057,645283,12619.215,62215,60.321,1105,62.626,1487
2026-03-26 10:49:45,BASELINE,low,0,worker1,217,1792.0,25450.85,878.04,128.51,704.86,34.8047,1.3984,1678,138,11.5951,579755,7125.433,60410,131.437,1391,57.012,1616
2026-03-26 10:49:50,BASELINE,low,0,worker1,223,3072.0,25452.62,878.04,128.51,704.86,0.6406,0.6797,24,106,19.0916,954579,15701.08,62780,55.63,1016,67.121,2018
2026-03-26 10:49:55,BASELINE,low,0,worker1,219,2048.0,25448.24,878.04,128.51,704.86,15.3984,1.5625,474,238,28.5874,1429369,45218.942,63240,84.514,1151,62.218,1703
2026-03-26 10:50:00,BASELINE,low,0,worker1,218,1792.0,25450.19,878.04,128.51,704.86,2.3281,1.3359,90,218,29.7658,1488292,23016.442,59951,51.182,1027,69.438,1625
2026-03-26 10:50:05,BASELINE,low,0,worker1,216,3072.0,25432.81,878.04,128.51,704.86,1.5859,1.0703,48,120,0.6264,31320,1857.042,57956,56.064,1032,55.359,1301
2026-03-26 10:50:10,BASELINE,low,0,worker1,221,2304.0,25416.14,878.04,128.51,704.86,0.7969,5.7266,20,180,12.7411,637057,12557.921,60854,77.895,1041,60.988,1486
2026-03-26 10:50:15,BASELINE,low,0,worker1,215,2816.0,25440.72,878.04,128.51,704.86,22.4531,2.0391,1118,264,6.3683,318415,4787.064,63625,171.342,1361,56.018,1590
2026-03-26 10:50:20,BASELINE,low,0,worker1,220,2560.0,25425.07,878.04,128.51,704.86,0.6172,0.7734,36,106,15.1006,755030,10723.795,61915,47.015,1029,65.151,2026
2026-03-26 10:50:25,BASELINE,low,0,worker1,217,1536.0,25434.24,878.04,128.52,704.86,0.6641,1.1016,30,122,35.7393,1786963,20296.092,63700,61.121,1074,76.105,1934
2026-03-26 10:50:30,BASELINE,low,0,worker1,216,2048.0,25435.95,878.04,128.52,704.86,0.0,1.5234,0,272,31.597,1579850,18422.546,58848,39.946,999,61.192,1442
2026-03-26 10:50:35,BASELINE,low,0,worker1,215,2560.0,25428.26,878.04,128.52,704.86,0.0,1.2422,0,126,7.3628,368138,9020.894,59665,61.696,1054,56.679,1398
2026-03-26 10:50:40,BASELINE,low,0,worker1,216,1280.0,25455.19,878.04,128.52,704.86,0.0,13.625,0,222,24.6137,1230685,17839.547,61052,47.654,1014,64.699,1593
2026-03-26 10:50:45,BASELINE,low,0,worker1,215,2560.0,25447.21,878.04,128.52,704.86,0.9062,1.8203,108,178,14.3808,719042,7526.018,62690,54.445,1088,58.183,1632
2026-03-26 10:50:50,BASELINE,low,0,worker1,221,2560.0,25434.39,878.04,128.52,704.85,62.9297,0.6641,2214,84,22.9473,1147364,18972.703,63389,144.049,1424,79.699,2254
2026-03-26 10:50:55,BASELINE,low,0,worker1,215,1792.0,25441.53,878.04,128.52,704.85,18.5391,1.1172,724,146,33.0094,1650471,55362.47,64204,130.456,1163,67.972,1826
2026-03-26 10:51:00,BASELINE,low,0,worker1,218,2048.0,25429.04,878.04,128.52,704.85,0.25,2.0938,4,314,31.6454,1582270,36666.018,62206,42.032,1046,63.018,1565
2026-03-26 10:51:05,BASELINE,low,0,worker1,216,2560.0,25443.04,878.04,128.52,704.85,0.3828,1.3047,14,146,12.0969,604844,19680.798,61069,62.836,1088,56.2,1360
2026-03-26 10:51:10,BASELINE,low,0,worker1,217,1792.0,25446.2,878.04,128.52,704.85,0.7578,2.9141,44,112,15.5723,778615,6753.943,59720,57.528,1022,59.111,1407
2026-03-26 10:51:15,BASELINE,low,0,worker1,218,2304.0,25440.66,878.04,128.52,704.85,65.1797,3.9453,2686,198,13.1813,659065,6653.949,70161,183.125,1516,68.193,1778
2026-03-26 10:51:20,BASELINE,low,0,worker1,228,4608.0,25429.8,878.04,128.52,704.85,5.7422,0.6328,296,86,14.5598,727988,8863.167,62633,62.136,1056,65.198,1889
2026-03-26 10:51:25,BASELINE,low,0,worker1,218,2304.0,25450.38,878.04,128.52,704.85,95.1016,1.6172,3998,166,25.0212,1251061,38463.262,67138,338.539,1893,83.237,2636
2026-03-26 10:51:30,BASELINE,low,0,worker1,218,1536.0,25428.28,878.04,128.52,704.85,11.0859,1.4922,528,228,30.1253,1506265,17100.534,62358,72.21,1115,70.448,1841
2026-03-26 10:51:35,BASELINE,low,0,worker1,220,1792.0,25425.9,878.04,128.52,704.85,21.8359,1.1562,876,140,14.2105,710527,12169.021,63295,96.653,1176,70.018,1774
2026-03-26 10:51:40,BASELINE,low,0,worker1,220,2560.0,25442.74,878.04,128.52,704.85,3.9609,3.6016,128,222,8.6087,430434,8395.832,64039,57.389,1038,80.682,2097
2026-03-26 10:51:45,BASELINE,low,0,worker1,219,2560.0,25478.04,878.04,128.52,704.85,41.2656,4.0547,1598,198,22.0137,1100683,13293.475,67884,1278.269,1360,71.508,2054
2026-03-26 10:51:50,BASELINE,low,0,worker1,220,2304.0,25453.94,878.04,128.52,704.85,117.8281,0.5938,4850,84,23.8984,1194919,30881.216,65125,254.066,1787,72.101,2264
2026-03-26 10:51:55,BASELINE,low,0,worker1,214,2304.0,25462.8,878.04,128.52,704.85,19.0156,1.1953,656,146,21.456,1072802,25806.996,63841,90.073,1236,64.465,1766
2026-03-26 10:52:00,BASELINE,low,0,worker1,215,2304.0,25456.79,878.04,128.52,704.85,0.6484,0.9062,58,98,28.7006,1435029,16322.246,61337,41.598,1014,62.444,1578
2026-03-26 10:52:05,BASELINE,low,0,worker1,216,2816.0,25471.51,878.04,128.52,704.85,1.3984,1.9375,70,280,3.6762,183811,3836.73,59115,56.812,1064,63.923,1498
2026-03-26 10:52:10,BASELINE,low,0,worker1,217,1536.0,25461.68,878.04,128.52,704.85,0.8281,3.1875,32,116,29.5538,1477692,8081.771,61833,49.673,1041,63.594,1568
2026-03-26 10:52:15,BASELINE,low,0,worker1,217,2816.0,25499.51,878.04,128.52,704.85,68.1641,4.4141,2732,256,12.7177,635886,18930.714,64402,192.062,1584,59.773,1665
2026-03-26 10:52:20,BASELINE,low,0,worker1,221,2816.0,25488.54,878.04,128.52,704.85,2.2188,0.7109,170,90,29.0115,1450573,28903.449,62577,50.721,1019,65.829,2024
2026-03-26 10:52:25,BASELINE,low,0,worker1,217,1792.0,25485.46,878.04,128.52,704.85,1.8906,1.1328,144,144,25.3695,1268476,12179.317,62319,60.438,1070,64.183,1767
2026-03-26 10:52:30,BASELINE,low,0,worker1,217,1792.0,25474.7,878.04,128.52,704.85,0.3906,0.6641,8,82,45.9916,2299579,15901.081,58471,39.411,1043,65.19,1546
2026-03-26 10:52:35,BASELINE,low,0,worker1,216,2560.0,25501.42,878.04,128.53,704.85,0.9609,1.7109,38,266,2.7439,137194,4782.361,60970,60.047,1039,56.319,1373
2026-03-26 10:52:40,BASELINE,low,0,worker1,217,1536.0,25510.94,878.04,128.53,704.85,0.0,0.6172,0,80,17.8941,894703,25109.255,59432,45.529,993,62.079,1491
2026-03-26 10:52:45,BASELINE,low,0,worker1,221,2560.0,25513.55,878.04,128.53,704.85,6.7422,6.2578,390,216,23.9391,1196954,14141.811,60983,68.657,1082,57.841,1615
2026-03-26 10:52:50,BASELINE,low,0,worker1,225,2560.0,25509.24,878.04,128.53,704.85,0.0078,0.7266,2,90,18.1541,907704,8433.182,61689,59.487,1044,64.347,2004
2026-03-26 10:52:55,BASELINE,low,0,worker1,216,2560.0,25514.45,878.04,128.53,704.85,9.6406,1.4375,410,210,29.434,1471701,18074.831,63874,80.531,1114,77.014,2005
2026-03-26 10:53:00,BASELINE,low,0,worker1,216,2560.0,25492.31,878.04,128.53,704.84,0.1484,0.6562,16,86,35.0944,1754718,33039.35,62837,42.992,1011,57.171,1432
2026-03-26 10:53:05,BASELINE,low,0,worker1,215,1536.0,25510.97,878.04,128.53,704.84,0.0156,1.6562,4,256,11.2955,564773,15175.423,57762,63.259,1115,59.47,1439
2026-03-26 10:53:10,BASELINE,low,0,worker1,216,2048.0,25497.17,878.04,128.53,704.84,0.3828,0.8516,8,90,23.3557,1167783,16094.552,58273,53.752,1007,60.598,1443
2026-03-26 10:53:15,BASELINE,low,0,worker1,216,2560.0,25507.52,878.04,128.53,704.84,27.3047,6.8359,1326,264,12.0977,604886,6076.129,64069,190.847,1384,62.374,1699
2026-03-26 10:53:20,BASELINE,low,0,worker1,221,2304.0,25469.52,878.04,128.53,704.84,1.3516,0.6719,64,88,22.6201,1131004,10835.106,61334,140.922,1064,72.59,2081
2026-03-26 10:53:25,BASELINE,low,0,worker1,217,2816.0,25468.26,878.04,128.53,704.84,0.0156,1.7891,2,174,25.8863,1294315,43690.529,64465,67.982,1077,71.201,1852
2026-03-26 10:53:30,BASELINE,low,0,worker1,217,2560.0,25482.1,878.04,128.53,704.84,0.0,0.6484,0,88,22.683,1134150,17611.88,59352,36.213,993,57.406,1415
2026-03-26 10:53:35,BASELINE,low,0,worker1,214,1536.0,25480.18,878.04,128.53,704.84,0.4766,1.9688,12,318,0.7298,36492,2033.308,57819,58.481,1039,54.652,1385
2026-03-26 10:53:40,BASELINE,low,0,worker1,216,3072.0,25502.12,878.04,128.53,704.84,0.0,0.6406,0,82,20.1947,1009736,9572.073,60938,46.487,1064,60.523,1439
2026-03-26 10:53:45,BASELINE,low,0,worker1,220,2304.0,25516.88,878.04,128.53,704.84,1.3281,6.4688,170,214,17.9585,897924,9983.605,69599,77.233,1172,82.334,2203
2026-03-26 10:53:50,BASELINE,low,0,worker1,221,2048.0,25512.47,878.04,128.53,704.84,38.8125,0.7188,1286,90,14.4659,723296,20525.111,60678,105.305,1175,68.001,2085
2026-03-26 10:53:55,BASELINE,low,0,worker1,217,2048.0,25503.77,878.04,128.53,704.84,9.7109,1.2656,406,152,36.5567,1827833,51602.001,64677,68.219,1116,67.366,1791
2026-03-26 10:54:00,BASELINE,low,0,worker1,222,2816.0,25528.92,878.04,128.53,704.84,87.1016,1.6016,4016,126,32.5448,1627241,26510.747,65583,328.427,1729,72.499,2169
2026-03-26 10:54:05,BASELINE,low,0,worker1,216,1280.0,25528.87,878.04,128.53,704.84,17.6641,1.5781,916,234,4.1912,209562,2925.202,58252,78.424,1144,55.033,1335
2026-03-26 10:54:10,BASELINE,low,0,worker1,217,3328.0,25517.7,878.04,128.53,704.84,4.7656,1.1875,210,212,15.1994,759971,14197.329,61439,60.111,1041,69.828,1617
2026-03-26 10:54:15,BASELINE,low,0,worker1,218,2816.0,25511.93,878.04,128.53,704.84,66.5781,3.9297,2604,190,22.2901,1114503,9364.095,66664,138.467,1599,61.796,1695
2026-03-26 10:54:20,BASELINE,low,0,worker1,222,1792.0,25525.78,878.04,128.53,704.84,14.1094,3.0391,654,114,34.4921,1724604,35105.964,62779,58.629,1090,66.724,2022
2026-03-26 10:54:25,BASELINE,low,0,worker1,217,2816.0,25524.05,878.04,128.53,704.84,1.2422,1.1094,56,124,23.5892,1179461,14272.219,64262,61.497,1070,67.922,1756
2026-03-26 10:54:30,BASELINE,low,0,worker1,218,1536.0,25523.32,878.04,128.53,704.84,1.3516,0.7266,56,90,33.1427,1657134,14789.081,60882,49.037,1047,62.437,1482
2026-03-26 10:54:35,BASELINE,low,0,worker1,215,1280.0,25516.46,878.04,128.53,704.84,1.75,1.3438,52,196,10.5727,528637,9848.593,56741,55.935,1049,62.352,1457
2026-03-26 10:54:40,BASELINE,low,0,worker1,218,5120.0,25502.91,878.04,128.53,704.84,0.0,0.6094,0,86,13.0097,650484,6809.43,61092,48.96,1014,59.641,1482
2026-03-26 10:54:45,BASELINE,low,0,worker1,218,2048.0,25521.42,878.04,128.54,704.84,3.5625,4.5625,216,304,27.5868,1379338,24780.196,64093,57.971,1098,62.315,1754
2026-03-26 10:54:50,BASELINE,low,0,worker1,221,2304.0,25513.69,878.04,128.54,704.84,0.3047,3.2188,12,140,18.4402,922010,9241.301,62052,48.294,1080,67.609,2017
2026-03-26 10:54:55,BASELINE,low,0,worker1,221,2816.0,25513.05,878.04,128.54,704.84,14.7344,1.4922,544,144,24.5284,1226421,14986.322,65693,117.789,1155,68.858,1830
2026-03-26 10:55:00,BASELINE,low,0,worker1,219,1536.0,25504.92,878.04,128.54,704.84,0.125,0.9375,4,138,29.9629,1498147,22305.561,61485,53.176,1024,67.627,1607
2026-03-26 10:55:05,BASELINE,low,0,worker1,215,2304.0,25487.95,878.04,128.54,704.84,0.375,1.5625,20,146,6.915,345750,10672.37,60028,66.509,1063,57.479,1438
2026-03-26 10:55:10,BASELINE,low,0,worker1,221,2816.0,25506.39,878.04,128.54,704.83,0.1797,1.3047,8,122,21.4872,1074361,15621.179,61094,44.773,1010,64.491,1619
2026-03-26 10:55:15,BASELINE,low,0,worker1,217,1792.0,25487.39,878.04,128.54,704.83,37.0078,5.1172,1608,412,18.0476,902382,7874.085,64171,105.213,1345,68.375,1802
2026-03-26 10:55:20,BASELINE,low,0,worker1,221,3840.0,25462.5,878.04,128.54,704.83,0.6641,3.5859,48,158,27.2449,1362245,8793.185,62978,48.602,1081,65.619,2024
2026-03-26 10:55:25,BASELINE,low,0,worker1,218,3840.0,25477.11,878.04,128.54,704.83,0.0,1.2031,0,126,22.0269,1101344,24951.125,64189,59.683,1065,71.735,1877
2026-03-26 10:55:30,BASELINE,low,0,worker1,217,1536.0,25465.69,878.04,128.54,704.83,0.25,0.7031,4,106,30.433,1521648,20001.503,58709,40.016,995,60.291,1474
2026-03-26 10:55:35,BASELINE,low,0,worker1,218,3584.0,25462.22,878.04,128.54,704.83,29.1562,1.0547,942,114,3.4833,174163,4023.681,62736,106.014,1202,53.693,1300
2026-03-26 10:55:40,BASELINE,low,0,worker1,216,1536.0,25471.71,878.04,128.54,704.83,0.6328,0.6953,30,108,17.4541,872707,10391.395,57293,52.193,1066,61.836,1485
2026-03-26 10:55:45,BASELINE,low,0,worker1,220,2048.0,25462.73,878.04,128.54,704.83,4.9922,4.6406,368,364,20.544,1027199,6622.197,63336,76.108,1152,62.026,1690
2026-03-26 10:55:50,BASELINE,low,0,worker1,225,3584.0,25452.03,878.04,128.54,704.83,0.2734,3.2812,10,138,16.6308,831542,23067.406,63401,46.849,1012,72.01,2059
2026-03-26 10:55:55,BASELINE,low,0,worker1,217,1280.0,25489.85,878.04,128.54,704.83,11.9219,1.0938,416,114,35.4229,1771146,25198.382,64319,78.101,1172,75.334,2007
2026-03-26 10:56:00,BASELINE,low,0,worker1,215,2816.0,25501.87,878.04,128.54,704.83,0.0,0.6562,0,98,33.0443,1652214,19414.723,60198,60.967,1047,60.382,1434
2026-03-26 10:56:05,BASELINE,low,0,worker1,219,1792.0,25514.02,878.04,128.54,704.83,0.1016,1.1953,10,118,3.3651,168257,3128.787,59751,53.343,1045,57.574,1413
2026-03-26 10:56:10,BASELINE,low,0,worker1,220,2560.0,25484.91,878.04,128.54,704.83,0.6719,0.9375,16,122,24.5051,1225257,11120.655,60702,49.835,1030,61.112,1472
2026-03-26 10:56:15,BASELINE,low,0,worker1,216,2560.0,25477.7,878.04,128.54,704.83,5.5234,2.1094,370,280,11.8746,593730,11581.253,68954,65.342,1128,69.525,1810
2026-03-26 10:56:20,BASELINE,low,0,worker1,223,2304.0,25471.68,878.04,128.54,704.83,0.4922,5.9141,10,266,25.2164,1260818,13614.212,63398,48.535,1017,67.787,2029
2026-03-26 10:56:25,BASELINE,low,0,worker1,215,1792.0,25461.64,878.04,128.54,704.83,0.0,1.1172,0,126,24.2767,1213833,11438.53,62224,50.6,1042,65.242,1748
2026-03-26 10:56:30,BASELINE,low,0,worker1,218,2560.0,25462.11,878.04,128.54,704.83,0.0,1.1484,0,128,27.6688,1383442,19510.895,59719,38.892,1066,61.636,1537
2026-03-26 10:56:35,BASELINE,low,0,worker1,215,2304.0,25477.32,878.04,128.54,704.83,0.375,1.0469,10,126,0.3345,16726,1756.197,60050,58.826,1031,53.596,1296
2026-03-26 10:56:40,BASELINE,low,0,worker1,216,1536.0,25491.21,878.04,128.54,704.83,0.0,1.25,0,128,17.0215,851075,8946.73,60129,50.836,1022,76.846,1826
2026-03-26 10:56:45,BASELINE,low,0,worker1,219,3840.0,25503.63,878.04,128.54,704.83,2.0,1.375,208,138,22.9036,1145181,24718.027,65156,68.693,1121,56.21,1570
2026-03-26 10:56:50,BASELINE,low,0,worker1,221,1792.0,25484.66,878.04,128.55,704.83,0.2969,4.0859,12,262,16.368,818402,8504.011,63939,47.915,1049,75.908,2213
2026-03-26 10:56:55,BASELINE,low,0,worker1,215,1280.0,25474.52,878.04,128.55,704.83,0.1172,3.8672,10,164,37.2155,1860776,21954.13,63521,46.809,1023,63.621,1641
2026-03-26 10:57:00,BASELINE,low,0,worker1,218,3328.0,25459.14,878.04,128.55,704.83,0.0,1.0703,0,178,23.1287,1156433,35242.699,62285,47.481,1028,63.787,1535
2026-03-26 10:57:05,BASELINE,low,0,worker1,217,1280.0,25502.7,878.04,128.55,704.83,0.0,1.0625,0,118,8.3555,417777,7119.29,61163,51.539,1113,59.42,1459
2026-03-26 10:57:10,BASELINE,low,0,worker1,218,2816.0,25487.34,878.04,128.55,704.83,0.0,0.7891,0,110,11.555,577751,19326.306,59430,44.926,1013,62.74,1495
2026-03-26 10:57:15,BASELINE,low,0,worker1,217,2816.0,25494.84,878.04,128.55,704.83,0.5781,1.2891,30,130,24.9912,1249562,8744.086,65360,55.061,1058,58.861,1583
2026-03-26 10:57:20,BASELINE,low,0,worker1,221,2304.0,25476.17,878.04,128.55,704.82,0.0,4.2031,0,270,14.4265,721327,11545.096,62121,46.496,1034,69.66,2052
2026-03-26 10:57:25,BASELINE,low,0,worker1,217,2560.0,25472.02,878.04,128.55,704.82,0.0,3.4688,0,148,26.2808,1314039,25804.86,64338,54.185,1086,66.97,1776
2026-03-26 10:57:30,BASELINE,low,0,worker1,217,2560.0,25469.72,878.04,128.55,704.82,0.0,0.7344,0,108,34.9688,1748440,22588.321,55903,47.949,1030,68.652,1595
2026-03-26 10:57:35,BASELINE,low,0,worker1,217,1280.0,25458.25,878.04,128.55,704.82,1.2188,0.9609,68,114,16.3732,818659,7245.131,60084,67.992,1065,51.139,1279
2026-03-26 10:57:40,BASELINE,low,0,worker1,216,2560.0,25453.02,878.04,128.55,704.82,0.0,1.2891,0,176,17.9096,895481,11406.997,60949,145.813,1072,66.147,1651
2026-03-26 10:57:45,BASELINE,low,0,worker1,218,3328.0,25464.82,878.04,128.55,704.82,0.1797,1.2812,12,132,11.7116,585579,7407.59,60424,51.484,1046,59.984,1651
2026-03-26 10:57:50,BASELINE,low,0,worker1,221,1792.0,25455.56,878.04,128.55,704.82,0.0,3.3984,0,144,31.7021,1585105,13894.514,59992,140.816,1033,66.2,2045
2026-03-26 10:57:55,BASELINE,low,0,worker1,218,3328.0,25432.27,878.04,128.55,704.82,0.0,4.2188,0,280,23.8687,1193435,29980.828,64647,54.388,1089,70.142,1855
2026-03-26 10:58:00,BASELINE,low,0,worker1,217,1536.0,25428.99,878.04,128.55,704.82,0.0,0.8047,0,100,36.211,1810552,31847.407,57311,36.735,1016,60.097,1464
2026-03-26 10:58:05,BASELINE,low,0,worker1,217,1280.0,25425.97,878.04,128.55,704.82,0.1719,1.0,4,120,5.5113,275565,8084.517,60867,63.378,1041,58.134,1362
2026-03-26 10:58:10,BASELINE,low,0,worker1,223,3584.0,25431.53,878.04,128.55,704.82,0.0,1.25,0,162,12.2141,610703,8414.866,59185,48.308,1021,64.034,1541
2026-03-26 10:58:15,BASELINE,low,0,worker1,220,2304.0,25441.38,878.04,128.55,704.82,0.0547,1.5859,10,162,13.5691,678453,6659.56,62197,55.046,1123,59.209,1630
2026-03-26 10:58:20,BASELINE,low,0,worker1,220,2560.0,25437.26,878.04,128.55,704.82,0.0,2.9844,0,110,19.0058,950291,21980.079,61869,41.318,1008,76.71,2186
2026-03-26 10:58:25,BASELINE,low,0,worker1,217,2560.0,25434.22,878.04,128.55,704.82,0.0,4.4609,0,304,30.3003,1515014,22641.638,65197,55.605,1059,68.028,1848
2026-03-26 10:58:30,BASELINE,low,0,worker1,217,1536.0,25460.84,878.04,128.55,704.82,0.0,0.6875,0,84,26.6977,1334886,18166.69,55340,36.667,1000,58.693,1426
2026-03-26 10:58:35,BASELINE,low,0,worker1,214,1792.0,25439.22,878.04,128.55,704.82,0.1094,1.0781,8,122,2.3883,119417,2087.837,61009,56.611,1044,52.023,1335
2026-03-26 10:58:40,BASELINE,low,0,worker1,217,2304.0,25440.7,878.04,128.55,704.82,0.0,0.7031,0,92,14.2562,712811,6246.464,59712,45.064,1004,60.484,1513
2026-03-26 10:58:45,BASELINE,low,0,worker1,220,2048.0,25473.95,878.04,128.55,704.82,0.0,1.3516,0,158,40.5914,2029571,38545.438,65512,49.319,1076,63.111,1770
2026-03-26 10:58:50,BASELINE,low,0,worker1,221,2816.0,25439.1,878.04,128.55,704.82,0.0,3.2031,0,174,22.3005,1115024,12524.639,59569,42.01,1035,63.79,1926
2026-03-26 10:58:55,BASELINE,low,0,worker1,216,2048.0,25391.16,878.04,128.56,704.82,1.2188,4.1484,42,268,36.2091,1810453,14819.923,62057,59.969,1064,67.643,1769
2026-03-26 10:59:00,BASELINE,low,0,worker1,216,1792.0,25375.18,878.04,128.56,704.82,0.0,0.9375,0,112,32.9648,1648238,12148.739,58471,40.523,1017,62.104,1565
2026-03-26 10:59:05,BASELINE,low,0,worker1,219,2304.0,25370.25,878.04,128.56,704.82,0.0,1.1484,0,132,15.2327,761637,27425.084,59623,64.205,1069,54.305,1298
2026-03-26 10:59:10,BASELINE,low,0,worker1,217,2560.0,25383.77,878.04,128.56,704.82,0.0,1.1172,0,120,19.1801,959007,25661.751,63128,57.636,1050,79.028,1820
2026-03-26 10:59:15,BASELINE,low,0,worker1,217,2560.0,25391.69,878.04,128.56,704.82,0.0859,1.6094,8,144,13.9578,697892,7299.65,65119,55.182,1061,58.167,1613
2026-03-26 10:59:20,BASELINE,low,0,worker1,222,2048.0,25426.52,878.04,128.56,704.82,0.0,3.0391,0,122,20.0529,1002645,10280.691,61916,46.695,1014,64.667,1916
2026-03-26 10:59:25,BASELINE,low,0,worker1,218,2560.0,25427.78,878.04,128.56,704.81,0.0,1.0938,0,116,26.758,1337902,17759.373,63971,97.842,1079,66.502,1798
2026-03-26 10:59:30,BASELINE,low,0,worker1,217,2304.0,25392.99,878.04,128.56,704.81,0.0,4.0234,0,326,29.5746,1478731,40744.884,57517,38.106,1005,60.505,1423
2026-03-26 10:59:35,BASELINE,low,0,worker1,216,2816.0,25381.59,878.04,128.56,704.81,0.1094,1.0234,16,122,6.3228,316141,5600.016,60685,55.971,1094,64.325,1506
2026-03-26 10:59:40,BASELINE,low,0,worker1,216,3584.0,25374.61,878.04,128.56,704.81,0.0,0.6719,0,98,24.6063,1230313,9956.829,59939,47.136,1025,61.383,1476
2026-03-26 10:59:45,BASELINE,low,0,worker1,218,2560.0,25383.3,878.04,128.56,704.81,120.3438,1.5625,5604,142,18.4333,921666,11436.869,66512,260.183,2013,73.987,2546
2026-03-26 10:59:50,BASELINE,low,0,worker1,222,2816.0,25418.22,878.04,128.56,704.81,63.1484,0.6328,2884,78,14.9214,746070,21888.944,62880,129.728,1456,78.831,2609
2026-03-26 10:59:55,BASELINE,low,0,worker1,217,2304.0,25438.16,878.04,128.56,704.81,34.7266,3.9453,1430,176,41.0645,2053224,40933.934,65363,120.427,1349,67.897,1775
2026-03-26 11:00:00,BASELINE,low,0,worker1,218,1792.0,25443.14,878.04,128.56,704.81,1.9062,3.25,62,154,41.6259,2081297,24690.103,57632,40.058,1029,63.749,1523
2026-03-26 11:00:05,BASELINE,low,0,worker1,233,5376.0,25529.09,878.04,127.77,705.61,6.9219,336.2734,326,3314,1.3931,69653,5320.829,70450,308.21,1820,55.498,1375
2026-03-26 11:00:10,BASELINE,low,0,worker1,218,3840.0,25465.95,878.04,127.77,705.61,1.25,1.9219,40,120,8.8466,442332,6136.382,58275,154.927,1058,60.541,1452
2026-03-26 11:00:15,BASELINE,low,0,worker1,218,2560.0,25487.2,878.04,127.77,705.61,66.4062,1.6016,2730,162,17.1359,856797,8894.375,66914,207.973,1588,62.759,1673
2026-03-26 11:00:20,BASELINE,low,0,worker1,223,2816.0,25463.53,878.04,127.77,705.6,5.1016,0.5703,292,82,22.5514,1127568,28896.193,64423,59.745,1052,68.418,2075
2026-03-26 11:00:25,BASELINE,low,0,worker1,217,3072.0,25480.29,878.04,127.77,705.6,1.5078,2.3359,44,300,23.0548,1152742,13264.121,66716,60.488,1090,79.629,2058
2026-03-26 11:00:30,BASELINE,low,0,worker1,217,2048.0,25487.13,878.04,127.77,705.6,0.0,0.75,0,96,33.4272,1671359,11603.487,58837,39.235,1041,55.962,1420
2026-03-26 11:00:35,BASELINE,low,0,worker1,217,1536.0,25495.15,878.04,127.77,705.6,0.2969,3.3828,24,532,9.1436,457182,7564.04,60255,58.438,1060,57.448,1500
2026-03-26 11:00:40,BASELINE,low,0,worker1,217,2560.0,25480.6,878.04,127.77,705.6,0.0,5.7422,0,126,10.3266,516329,6407.098,60459,55.911,1031,61.105,1482
2026-03-26 11:00:45,BASELINE,low,0,worker1,219,2560.0,25480.2,878.04,127.77,705.6,4.2109,1.8828,356,230,23.9544,1197721,22222.619,64100,77.545,1162,62.646,1775
2026-03-26 11:00:50,BASELINE,low,0,worker1,222,2816.0,25477.1,878.04,127.77,705.6,0.6328,0.7422,18,90,16.307,815350,10149.292,62003,44.584,1021,66.519,2062
2026-03-26 11:00:55,BASELINE,low,0,worker1,218,1792.0,25476.6,878.04,127.77,705.6,12.5625,1.5234,434,160,35.3558,1767792,20186.142,66546,66.029,1127,68.493,1899
2026-03-26 11:01:00,BASELINE,low,0,worker1,220,2304.0,25497.56,878.04,127.77,705.6,0.0,0.7891,0,96,27.262,1363101,24476.423,59554,35.944,986,59.871,1439
2026-03-26 11:01:05,BASELINE,low,0,worker1,217,2304.0,25497.33,878.04,127.79,705.58,36.0547,9.7891,1176,388,7.9146,395729,6857.205,61052,134.215,1369,53.574,1297
2026-03-26 11:01:10,BASELINE,low,0,worker1,218,2304.0,25473.1,878.04,127.79,705.58,2.5938,5.5391,80,142,17.6311,881556,22281.663,57126,65.485,1028,60.615,1501
2026-03-26 11:01:15,BASELINE,low,0,worker1,219,3072.0,25495.93,878.04,127.79,705.58,53.3984,1.6016,2444,162,15.5172,775859,7680.399,69813,127.855,1459,64.919,1765
2026-03-26 11:01:20,BASELINE,low,0,worker1,220,1792.0,25471.45,878.04,127.79,705.58,16.9297,0.6484,776,78,11.6429,582145,5628.788,61446,68.59,1132,70.374,2025
2026-03-26 11:01:25,BASELINE,low,0,worker1,221,2560.0,25483.43,878.04,127.79,705.58,2.5703,1.3438,114,204,23.2045,1160227,31491.792,64326,57.511,1089,67.33,1815
2026-03-26 11:01:30,BASELINE,low,0,worker1,217,2560.0,25471.85,878.04,127.79,705.58,0.0,0.8906,0,100,33.619,1680952,13007.843,57762,38.139,991,57.332,1394
2026-03-26 11:01:35,BASELINE,low,0,worker1,217,2304.0,25481.24,878.04,127.79,705.58,0.2969,1.0781,20,138,5.4097,270486,5953.866,61111,58.398,1068,56.211,1363
2026-03-26 11:01:40,BASELINE,low,0,worker1,215,2816.0,25474.53,878.04,127.79,705.58,0.125,37.6406,6,526,10.3923,519613,6815.228,59937,44.09,1068,69.659,1660
2026-03-26 11:01:45,BASELINE,low,0,worker1,218,1792.0,25465.84,878.04,127.79,705.58,5.1641,1.4531,382,154,15.5509,777544,7238.072,62087,80.795,1149,63.07,1753
2026-03-26 11:01:50,BASELINE,low,0,worker1,220,4096.0,25475.76,878.04,127.79,705.58,0.2188,0.625,4,86,21.5381,1076903,30966.276,64208,46.682,1045,65.823,1993
2026-03-26 11:01:55,BASELINE,low,0,worker1,216,1280.0,25453.35,878.04,127.79,705.58,11.7266,1.5312,468,226,28.1704,1408519,15949.056,63292,80.34,1110,70.49,1785
2026-03-26 11:02:00,BASELINE,low,0,worker1,219,2304.0,25466.81,878.04,127.79,705.58,0.0312,0.7109,4,92,30.5683,1528414,25125.623,58996,38.496,1030,60.822,1451
2026-03-26 11:02:05,BASELINE,low,0,worker1,216,2048.0,25489.5,878.04,127.79,705.58,0.0,1.2188,0,136,0.7463,37317,2019.947,61140,51.525,1033,66.39,1573
2026-03-26 11:02:10,BASELINE,low,0,worker1,217,2560.0,25467.67,878.04,127.8,705.58,0.1719,5.8906,4,258,18.1678,908391,15683.929,58309,54.368,1026,58.973,1422
2026-03-26 11:02:15,BASELINE,low,0,worker1,218,4096.0,25476.25,878.04,127.8,705.58,4.5078,1.5078,292,136,21.7899,1089493,10154.926,65279,76.356,1221,59.834,1610
2026-03-26 11:02:20,BASELINE,low,0,worker1,220,2048.0,25475.82,878.04,127.8,705.58,1.0469,0.7109,36,106,12.5457,627285,13174.983,64011,62.678,1067,66.239,2003
2026-03-26 11:02:25,BASELINE,low,0,worker1,219,2304.0,25473.48,878.04,127.8,705.58,0.0,1.2656,0,174,25.4511,1272557,13231.747,62639,47.167,1040,66.793,1785
2026-03-26 11:02:30,BASELINE,low,0,worker1,217,2560.0,25475.39,878.04,127.8,705.58,0.0,0.7969,0,116,20.4859,1024293,21681.388,57600,35.841,1033,63.911,1542
2026-03-26 11:02:35,BASELINE,low,0,worker1,216,2304.0,25501.07,878.04,127.8,705.57,0.4219,1.3906,24,134,1.033,51648,2350.736,61616,49.92,1054,56.435,1400
2026-03-26 11:02:40,BASELINE,low,0,worker1,217,2304.0,25492.09,878.04,127.8,705.57,0.0,3.8125,0,244,15.9167,795836,17523.722,59568,47.733,1023,60.469,1495
2026-03-26 11:02:45,BASELINE,low,0,worker1,218,2048.0,25496.55,878.04,127.8,705.57,0.5469,3.75,26,168,16.2202,811012,6319.281,61601,46.827,1040,63.597,1716
2026-03-26 11:02:50,BASELINE,low,0,worker1,224,3840.0,25518.94,878.04,127.8,705.57,19.5156,1.4688,768,152,12.0341,601703,10196.991,65744,73.158,1247,72.783,2234
2026-03-26 11:02:55,BASELINE,low,0,worker1,217,1280.0,25539.67,878.04,127.8,705.57,0.1562,1.9141,4,212,35.306,1765302,27105.042,65065,49.764,1027,75.826,1979
2026-03-26 11:03:00,BASELINE,low,0,worker1,218,2304.0,25524.13,878.04,127.8,705.57,0.0,0.7891,0,102,36.6565,1832826,28552.356,58170,38.147,1007,59.246,1465
2026-03-26 11:03:05,BASELINE,low,0,worker1,218,2560.0,25499.71,878.04,127.8,705.57,34.1406,1.0625,1158,120,12.8035,640174,11198.217,61484,94.271,1235,55.797,1324
2026-03-26 11:03:10,BASELINE,low,0,worker1,217,1792.0,25497.44,878.04,127.8,705.57,1.7109,0.6094,88,90,31.3603,1568017,31277.042,59794,62.843,1024,61.483,1488
2026-03-26 11:03:15,BASELINE,low,0,worker1,218,2816.0,25501.3,878.04,127.8,705.57,30.8984,6.6016,1556,312,18.2669,913343,6773.916,63313,113.071,1339,55.863,1630
2026-03-26 11:03:20,BASELINE,low,0,worker1,221,1792.0,25488.28,878.04,127.8,705.57,9.8594,0.5547,484,86,34.3095,1715477,19417.391,62299,61.242,1082,73.147,2145
2026-03-26 11:03:25,BASELINE,low,0,worker1,216,2816.0,25490.43,878.04,127.8,705.57,0.0,1.2656,0,128,33.1891,1659456,27032.168,63849,63.21,1127,66.167,1741
2026-03-26 11:03:30,BASELINE,low,0,worker1,219,1536.0,25483.07,878.04,127.8,705.57,0.0,0.9375,0,158,37.3258,1866289,13176.475,57997,39.305,1014,62.183,1480
2026-03-26 11:03:35,BASELINE,low,0,worker1,216,1280.0,25481.75,878.04,127.8,705.57,0.5078,1.1797,16,132,22.8027,1140135,13035.734,60863,55.799,1071,53.429,1303
2026-03-26 11:03:40,BASELINE,low,0,worker1,221,3584.0,25488.88,878.04,127.8,705.57,0.0,1.6797,0,240,8.1788,408942,6612.655,61341,44.436,1061,59.584,1454
2026-03-26 11:03:45,BASELINE,low,0,worker1,218,1792.0,25510.41,878.04,127.8,705.57,0.75,6.5938,28,308,22.3838,1119189,7553.134,63114,53.863,1101,66.487,1800
2026-03-26 11:03:50,BASELINE,low,0,worker1,222,4352.0,25519.49,878.04,127.8,705.57,0.0,0.7578,0,96,22.6561,1132804,29434.564,65795,57.541,1008,64.515,1938
2026-03-26 11:03:55,BASELINE,low,0,worker1,217,1280.0,25504.11,878.04,127.8,705.57,10.5625,1.0625,402,130,32.809,1640452,18129.895,64187,101.007,1163,67.28,1766
2026-03-26 11:04:00,BASELINE,low,0,worker1,219,1536.0,25519.74,878.04,127.8,705.57,0.2812,0.6562,6,82,25.1824,1259118,21776.623,58988,37.559,1022,58.048,1472
2026-03-26 11:04:05,BASELINE,low,0,worker1,219,3072.0,25508.1,878.04,127.8,705.57,80.8203,1.8125,3282,170,6.9381,346907,8063.254,65117,234.959,1571,70.287,2114
2026-03-26 11:04:10,BASELINE,low,0,worker1,217,2560.0,25503.1,878.04,127.8,705.57,4.3828,1.2734,220,192,10.5262,526311,7726.007,60378,66.97,1074,75.046,1759
2026-03-26 11:04:15,BASELINE,low,0,worker1,218,4352.0,25498.02,878.04,127.8,705.57,59.2969,6.5469,2472,298,19.0323,951614,17383.063,67974,119.929,1470,61.648,1668
2026-03-26 11:04:20,BASELINE,low,0,worker1,221,1792.0,25506.01,878.04,127.81,705.57,25.9453,0.6797,1042,98,22.3124,1115618,25389.737,62596,169.62,1192,65.356,1901
2026-03-26 11:04:25,BASELINE,low,0,worker1,215,3584.0,25498.58,878.04,127.81,705.57,2.7031,1.0547,88,116,16.7562,837811,13521.904,64998,90.292,1078,69.8,1813
2026-03-26 11:04:30,BASELINE,low,0,worker1,218,1536.0,25510.96,878.04,127.81,705.57,0.8828,0.6953,34,100,28.2943,1414717,22678.074,56564,43.388,1091,59.405,1453
2026-03-26 11:04:35,BASELINE,low,0,worker1,217,1280.0,25517.94,878.04,127.81,705.57,1.1797,1.0859,44,118,7.6707,383536,7716.765,61085,50.25,1033,63.111,1478
2026-03-26 11:04:40,BASELINE,low,0,worker1,217,5888.0,25499.67,878.04,127.81,705.57,0.0,1.1719,0,182,11.9876,599379,8655.752,62278,46.664,1024,62.881,1539
2026-03-26 11:04:45,BASELINE,low,0,worker1,218,2048.0,25473.46,878.04,127.81,705.57,19.3516,6.5547,1076,306,23.1948,1159741,12937.432,61701,101.944,1246,58.756,1591
2026-03-26 11:04:50,BASELINE,low,0,worker1,224,3328.0,25455.25,878.04,127.81,705.56,0.4688,0.7109,8,100,25.9943,1299714,30075.725,63595,42.634,1082,64.319,1987
2026-03-26 11:04:55,BASELINE,low,0,worker1,216,1536.0,25485.9,878.04,127.81,705.56,14.9219,0.9922,556,110,33.3388,1666940,29439.51,61913,196.489,1130,65.855,1785
2026-03-26 11:05:00,BASELINE,low,0,worker1,216,1536.0,25485.28,878.04,127.81,705.56,0.0,1.0156,0,142,33.677,1683848,10741.175,55909,39.69,1035,64.849,1564
